locationid,location,iso3,time,population,gdp,longitude,latitude,popGrowth,gdpGrowth
4,Afghanistan,AFG,2020,38972231,508.453721937094,67.70995330810547,33.939109802246094,0.3825003355838975,0.009564666820464576
4,Afghanistan,AFG,2010,28189672,503.636605605884,67.70995330810547,33.939109802246094,0.4424446871800482,2.1314895261879214
4,Afghanistan,AFG,2000,19542983,160.829727001827,67.70995330810547,33.939109802246094,0.827335743477482,-0.439173612847452
4,Afghanistan,AFG,1990,10694796,286.772753005433,67.70995330810547,33.939109802246094,0.0,0.0
8,Albania,ALB,2020,2866849,5180.91419760391,20.16833114624023,41.1533317565918,-0.015978238484245212,0.28058358695930813
8,Albania,ALB,2010,2913400,4045.74465139427,20.16833114624023,41.1533317565918,-0.08441836178956708,2.6300515697142988
8,Albania,ALB,2000,3182021,1114.51437361059,20.16833114624023,41.1533317565918,-0.03430735530031872,0.7068034612037796
8,Albania,ALB,1990,3295066,652.983427174762,20.16833114624023,41.1533317565918,0.0,0.0
12,Algeria,DZA,2020,43451666,3367.96300289719,1.659626007080078,28.033885955810547,0.21182644834063394,-0.24835455565952308
12,Algeria,DZA,2010,35856344,4480.78682343691,1.659626007080078,28.033885955810547,0.16512707012703748,1.5443850951126568
12,Algeria,DZA,2000,30774621,1761.04899845694,1.659626007080078,28.033885955810547,0.20599309336590216,-0.2653988716695985
12,Algeria,DZA,1990,25518074,2397.28599717706,1.659626007080078,28.033885955810547,0.0,0.0
20,Andorra,AND,2020,77700,37072.4053843701,1.521800994873046,42.50628662109375,0.08640939597315436,-0.09163848177451113
20,Andorra,AND,2010,71520,40812.3909264586,1.521800994873046,42.50628662109375,0.08202971345577778,0.8674869398100926
20,Andorra,AND,2000,66098,21854.1774276659,1.521800994873046,42.50628662109375,0.23386223632630204,-0.08506628326508531
20,Andorra,AND,1990,53570,23886.0772402792,1.521800994873046,42.50628662109375,0.0,0.0
24,Angola,AGO,2020,33428486,1895.77070283724,17.873886108398438,-11.202692031860352,0.4307575705826002,-0.4716185892739417
24,Angola,AGO,2010,23364186,3587.88304121492,17.873886108398438,-11.202692031860352,0.4251615005481863,3.818819603992623
24,Angola,AGO,2000,16394062,744.556413409248,17.873886108398438,-11.202692031860352,0.3859636248907102,-0.35427557266743054
24,Angola,AGO,1990,11828638,1153.05598161269,17.873886108398438,-11.202692031860352,0.0,0.0
660,Anguilla,AIA,2020,15585,17225.9375285437,-63.0686149597168,18.22055435180664,0.183191618584877,-0.14112711148393736
660,Anguilla,AIA,2010,13172,20056.4457894418,-63.0686149597168,18.22055435180664,0.19225199131064447,0.5021196526136883
660,Anguilla,AIA,2000,11048,13352.0959895196,-63.0686149597168,18.22055435180664,0.32852332852332855,0.5716605225677078
660,Anguilla,AIA,1990,8316,8495.53437131929,-63.0686149597168,18.22055435180664,0.0,0.0
28,Antigua and Barbuda,ATG,2020,92664,13993.3201794346,-61.78918,17.07867,0.08132329774199194,0.07234612061919846
28,Antigua and Barbuda,ATG,2010,85695,13049.2570545735,-61.78918,17.07867,0.14176270734794483,0.2655083612916693
28,Antigua and Barbuda,ATG,2000,75055,10311.4743874584,-61.78918,17.07867,0.1851787518948964,0.40325886515657905
28,Antigua and Barbuda,ATG,1990,63328,7348.23391713105,-61.78918,17.07867,0.0,0.0
32,Argentina,ARG,2020,45036032,8475.72958198985,-63.61667251586914,-38.41609573364258,0.09576392265298087,-0.18726483675625435
32,Argentina,ARG,2010,41100123,10428.6487964443,-63.61667251586914,-38.41609573364258,0.10869341438622242,0.24781662430985504
32,Argentina,ARG,2000,37070774,8357.51711691788,-63.61667251586914,-38.41609573364258,0.13582828571303387,0.7796105822676468
32,Argentina,ARG,1990,32637657,4696.26175534898,-63.61667251586914,-38.41609573364258,0.0,0.0
51,Armenia,ARM,2020,2805609,4266.00547864783,45.03818893432618,40.06909942626953,-0.04774949402520388,0.2429558536802586
51,Armenia,ARM,2010,2946293,3432.1456116214,45.03818893432618,40.06909942626953,-0.07013707328712043,4.168066429640477
51,Armenia,ARM,2000,3168524,664.106326485467,45.03818893432618,40.06909942626953,-0.10909929313321375,0.02085443393937074
51,Armenia,ARM,1990,3556540,650.539689505731,45.03818893432618,40.06909942626953,0.0,0.0
533,Aruba,ABW,2020,106585,23385.6386707755,-69.96833801269531,12.521109580993652,0.06221721711745829,-0.030976253898245026
533,Aruba,ABW,2010,100342,24133.1946351703,-69.96833801269531,12.521109580993652,0.12616020022221971,0.17033824761696312
533,Aruba,ABW,2000,89101,20620.7006259175,-69.96833801269531,12.521109580993652,0.3559319454589725,0.4974942228763702
533,Aruba,ABW,1990,65712,13770.1370134901,-69.96833801269531,12.521109580993652,0.0,0.0
36,Australia,AUS,2020,25670051,55822.7128453068,133.77513122558594,-25.274398803710938,0.165804713156977,-0.048272854834229176
36,Australia,AUS,2010,22019169,58654.1143949232,133.77513122558594,-25.274398803710938,0.15780901456165417,1.7250335735999485
36,Australia,AUS,2000,19017963,21524.1804589722,133.77513122558594,-25.274398803710938,0.11555371030847425,0.128306999086883
36,Australia,AUS,1990,17048003,19076.5283530026,133.77513122558594,-25.274398803710938,0.0,0.0
40,Austria,AUT,2020,8907777,48105.6319825656,14.550071716308594,47.516231536865234,0.06516311645257843,0.03233835061555608
40,Austria,AUT,2010,8362829,46598.7066681011,14.550071716308594,47.516231536865234,0.04399265008153746,0.9106632953309712
40,Austria,AUT,2000,8010429,24388.7590147217,14.550071716308594,47.516231536865234,0.043197253087066886,0.1316153206077421
40,Austria,AUT,1990,7678729,21552.1640354105,14.550071716308594,47.516231536865234,0.0,0.0
31,Azerbaijan,AZE,2020,10284951,4202.23223942024,47.576927185058594,40.143104553222656,0.1134269756765116,-0.2825672018305459
31,Azerbaijan,AZE,2010,9237203,5857.31827446742,47.576927185058594,40.143104553222656,0.1278172070331172,8.023503419469208
31,Azerbaijan,AZE,2000,8190337,649.117975821853,47.576927185058594,40.143104553222656,0.10265452818290549,-0.2787039475332429
31,Azerbaijan,AZE,1990,7427836,899.932799579226,47.576927185058594,40.143104553222656,0.0,0.0
44,Bahamas,BHS,2020,406472,25194.289197038,-77.39627838134764,25.03428077697754,0.08894318352300735,-0.11423449393063732
44,Bahamas,BHS,2010,373272,28443.5203498036,-77.39627838134764,25.03428077697754,0.14847975779504882,0.04966503854136428
44,Bahamas,BHS,2000,325014,27097.7114654874,-77.39627838134764,25.03428077697754,0.20073592705751092,0.4563180315242352
44,Bahamas,BHS,1990,270679,18607.0012723292,-77.39627838134764,25.03428077697754,0.0,0.0
48,Bahrain,BHR,2020,1477469,19925.0015989567,50.55770111083984,26.066699981689453,0.21738152425132556,-0.03846783172293539
48,Bahrain,BHR,2010,1213645,20722.1372891347,50.55770111083984,26.066699981689453,0.7058945072121129,0.5196184264919523
48,Bahrain,BHR,2000,711442,13636.4082771567,50.55770111083984,26.066699981689453,0.374982364389402,0.3775795713852813
48,Bahrain,BHR,1990,517419,9898.81714305915,50.55770111083984,26.066699981689453,0.0,0.0
50,Bangladesh,BGD,2020,167420951,2000.64015719419,90.35633087158205,23.684993743896484,0.12824088419295115,1.5783862532311737
50,Bangladesh,BGD,2010,148391140,775.927250886881,90.35633087158205,23.684993743896484,0.14859755875781416,1.1784497349452527
50,Bangladesh,BGD,2000,129193327,356.183224446251,90.35633087158205,23.684993743896484,0.20575043684345445,0.30606247118180796
50,Bangladesh,BGD,1990,107147651,272.715304440188,90.35633087158205,23.684993743896484,0.0,0.0
52,Barbados,BRB,2020,280693,15449.2370021749,-59.55643,13.16705,0.0217756114607715,-0.03779778392588868
52,Barbados,BRB,2010,274711,16056.1228649103,-59.55643,13.16705,0.03798879304155945,0.3830367305841906
52,Barbados,BRB,2000,264657,11609.3249802037,-59.55643,13.16705,0.02236274858228904,0.474322370337562
52,Barbados,BRB,1990,258868,7874.34635312874,-59.55643,13.16705,0.0,0.0
112,Belarus,BLR,2020,9633741,6377.05543170986,27.953388214111328,53.709808349609375,-0.01003819891985009,0.04968586432135551
112,Belarus,BLR,2010,9731427,6075.20368565958,27.953388214111328,53.709808349609375,-0.05119259691650637,4.568350373731571
112,Belarus,BLR,2000,10256483,1091.02396183959,27.953388214111328,53.709808349609375,-0.016497251528859547,-0.43146535372853756
112,Belarus,BLR,1990,10428525,1919.01051060774,27.953388214111328,53.709808349609375,0.0,0.0
56,Belgium,BEL,2020,11561717,45028.3234050509,4.469935894012451,50.50388717651367,0.0628583684035232,0.02412185993556063
56,Belgium,BEL,2010,10877947,43967.7397452332,4.469935894012451,50.50388717651367,0.059780153488635364,0.9139264287290357
56,Belgium,BEL,2000,10264343,22972.5338891059,4.469935894012451,50.50388717651367,0.030601951230581348,0.11954452589838518
56,Belgium,BEL,1990,9959561,20519.5357198245,4.469935894012451,50.50388717651367,0.0,0.0
84,Belize,BLZ,2020,394921,3987.72639376503,-88.49765014648438,17.189876556396484,0.22605531702198337,-0.0735104352210935
84,Belize,BLZ,2010,322107,4304.1244557532,-88.49765014648438,17.189876556396484,0.3398459273063068,0.2793050908303463
84,Belize,BLZ,2000,240406,3364.42376928209,-88.49765014648438,17.189876556396484,0.3166438468700367,0.40543502020884303
84,Belize,BLZ,1990,182590,2393.86646903259,-88.49765014648438,17.189876556396484,0.0,0.0
204,Benin,BEN,2020,12643123,1254.21258947608,2.315834045410156,9.307689666748049,0.33850425219491176,0.6552948071749414
204,Benin,BEN,2010,9445710,757.697410781237,2.315834045410156,9.307689666748049,0.34976835600568906,1.024879435938463
204,Benin,BEN,2000,6998023,374.19383956066,2.315834045410156,9.307689666748049,0.3632282182248871,-0.06524311645001209
204,Benin,BEN,1990,5133420,400.311403045848,2.315834045410156,9.307689666748049,0.0,0.0
60,Bermuda,BMU,2020,64031,123944.906901313,-64.75050354003906,32.30780029296875,0.00920453291723801,0.22158477644665006
60,Bermuda,BMU,2010,63447,101462.386639955,-64.75050354003906,32.30780029296875,0.033827051864887325,0.8953614048740801
60,Bermuda,BMU,2000,61371,53531.9471943641,-64.75050354003906,32.30780029296875,0.06787889333565339,0.6213592438776654
60,Bermuda,BMU,1990,57470,33016.709527209,-64.75050354003906,32.30780029296875,0.0,0.0
64,Bhutan,BTN,2020,772506,3217.96293453278,90.43360137939452,27.51416206359864,0.09495022798883655,0.4250320619228323
64,Bhutan,BTN,2010,705517,2258.16879529763,90.43360137939452,27.51416206359864,0.2014792057996584,2.039161612010059
64,Bhutan,BTN,2000,587207,743.023597815224,90.43360137939452,27.51416206359864,0.05150937787630586,0.4415198740363187
64,Bhutan,BTN,1990,558442,515.444574298324,90.43360137939452,27.51416206359864,0.0,0.0
68,Bolivia (Plurinational State of),BOL,2020,11936162,3133.10195045546,-63.588653564453125,-16.29015350341797,0.167548348033457,0.6022188012931615
68,Bolivia (Plurinational State of),BOL,2010,10223270,1955.47695978022,-63.588653564453125,-16.29015350341797,0.1897683323992023,0.9602290639912485
68,Bolivia (Plurinational State of),BOL,2000,8592656,997.575740356919,-63.588653564453125,-16.29015350341797,0.21088234058989933,0.40689919434949895
68,Bolivia (Plurinational State of),BOL,1990,7096194,709.059856145673,-63.588653564453125,-16.29015350341797,0.0,0.0
70,Bosnia and Herzegovina,BIH,2020,3318408,6035.47556857475,17.679075241088867,43.91588592529297,-0.12927541951274807,0.30204168766430584
70,Bosnia and Herzegovina,BIH,2010,3811088,4635.39349450601,17.679075241088867,43.91588592529297,-0.08811465897807075,2.1230033210663555
70,Bosnia and Herzegovina,BIH,2000,4179350,1484.27427637933,17.679075241088867,43.91588592529297,-0.07007992993809285,-0.14569283652805995
70,Bosnia and Herzegovina,BIH,1990,4494311,1737.40118290379,17.679075241088867,43.91588592529297,0.0,0.0
72,Botswana,BWA,2020,2546402,6710.96014700365,24.68486595153809,-22.328474044799805,0.21740489868353616,0.042917555067331886
72,Botswana,BWA,2010,2091664,6434.79449971516,24.68486595153809,-22.328474044799805,0.2111651230323367,0.8268740925644609
72,Botswana,BWA,2000,1726985,3522.29774668399,24.68486595153809,-22.328474044799805,0.28737865959384973,0.21794993191756912
72,Botswana,BWA,1990,1341474,2891.98895158063,24.68486595153809,-22.328474044799805,0.0,0.0
76,Brazil,BRA,2020,213196304,6796.84405807973,-51.9252815246582,-14.235004425048828,0.08577801101698766,-0.39776706497419007
76,Brazil,BRA,2010,196353492,11286.0716556268,-51.9252815246582,-14.235004425048828,0.11644589083576556,2.0239377369878544
76,Brazil,BRA,2000,175873720,3732.24339826152,-51.9252815246582,-14.235004425048828,0.16699533873952546,0.3667249413364212
76,Brazil,BRA,1990,150706446,2730.79336257084,-51.9252815246582,-14.235004425048828,0.0,0.0
92,British Virgin Islands,VGB,2020,30910,49357.193079951,-64.63996887207031,18.42069435119629,0.12171577877776164,0.23130498636977606
92,British Virgin Islands,VGB,2010,27556,40085.2702022019,-64.63996887207031,18.42069435119629,0.3706725029844807,-0.05067365692872763
92,British Virgin Islands,VGB,2000,20104,42224.9635173059,-64.63996887207031,18.42069435119629,0.28731510533393095,5.159712828656428
92,British Virgin Islands,VGB,1990,15617,6855.02144204929,-64.63996887207031,18.42069435119629,0.0,0.0
96,Brunei Darussalam,BRN,2020,441725,27436.7415145183,114.72766876220705,4.535276889801025,0.11531789937205374,-0.22206978964784618
96,Brunei Darussalam,BRN,2010,396053,35268.8983528461,114.72766876220705,4.535276889801025,0.1860466509147209,0.7670491080282258
96,Brunei Darussalam,BRN,2000,333927,19959.2066754733,114.72766876220705,4.535276889801025,0.274880883296173,0.3238297540722395
96,Brunei Darussalam,BRN,1990,261928,15076.8681653186,114.72766876220705,4.535276889801025,0.0,0.0
100,Bulgaria,BGR,2020,6979175,10058.0774071682,25.48583030700684,42.733882904052734,-0.08075289178879631,0.47351665418735644
100,Bulgaria,BGR,2010,7592273,6825.90005249396,25.48583030700684,42.733882904052734,-0.06241519188430481,3.121489987004355
100,Bulgaria,BGR,2000,8097692,1656.17290688974,25.48583030700684,42.733882904052734,-0.07642597702633439,-0.29349783649619454
100,Bulgaria,BGR,1990,8767778,2344.18660330234,25.48583030700684,42.733882904052734,0.0,0.0
854,Burkina Faso,BFA,2020,21522626,830.925336867403,-1.561593055725097,12.238332748413086,0.335411862557467,0.2838684253208928
854,Burkina Faso,BFA,2010,16116845,647.204433475899,-1.561593055725097,12.238332748413086,0.35630706945988216,1.537223015169749
854,Burkina Faso,BFA,2000,11882888,255.083778448462,-1.561593055725097,12.238332748413086,0.30132715156043005,-0.36222643571467766
854,Burkina Faso,BFA,1990,9131361,399.959786251574,-1.561593055725097,12.238332748413086,0.0,0.0
108,Burundi,BDI,2020,12220227,285.875781832036,29.918886184692383,-3.373055934906006,0.33896730065919356,0.2204608926166929
108,Burundi,BDI,2010,9126606,234.23592149611,29.918886184692383,-3.373055934906006,0.44690836221356256,1.10708339581005
108,Burundi,BDI,2000,6307660,111.165947186471,29.918886184692383,-3.373055934906006,0.1502364968487146,-0.47346831170121323
108,Burundi,BDI,1990,5483794,211.128693024433,29.918886184692383,-3.373055934906006,0.0,0.0
132,Cabo Verde,CPV,2020,582640,3064.27654591858,-23.60517311096191,15.120141983032228,0.11785392919977053,-0.09294406259621159
132,Cabo Verde,CPV,2010,521213,3378.26634450933,-23.60517311096191,15.120141983032228,0.13739631773853195,1.3588198234889108
132,Cabo Verde,CPV,2000,458251,1432.18498965833,-23.60517311096191,15.120141983032228,0.256983684620533,0.3815660002943513
132,Cabo Verde,CPV,1990,364564,1036.63884993782,-23.60517311096191,15.120141983032228,0.0,0.0
116,Cambodia,KHM,2020,16396860,1512.72828849953,104.990966796875,12.565678596496582,0.14156183868981528,0.9258095544870987
116,Cambodia,KHM,2010,14363532,785.502535790677,104.990966796875,12.565678596496582,0.18522324040723037,1.6040127729562017
116,Cambodia,KHM,2000,12118841,301.650799853388,104.990966796875,12.565678596496582,0.3600159491709394,0.5947840250661742
116,Cambodia,KHM,1990,8910808,189.148370633366,104.990966796875,12.565678596496582,0.0,0.0
120,Cameroon,CMR,2020,26491087,1502.32806246598,12.354722023010254,7.36972188949585,0.3326812401043423,0.16888887135814498
120,Cameroon,CMR,2010,19878037,1285.26166967473,12.354722023010254,7.36972188949585,0.3171594519996064,0.984678669208478
120,Cameroon,CMR,2000,15091595,647.591819076341,12.354722023010254,7.36972188949585,0.3202894531482382,-0.40466969995638435
120,Cameroon,CMR,1990,11430520,1087.78575360417,12.354722023010254,7.36972188949585,0.0,0.0
124,Canada,CAN,2020,37888705,43559.7100918314,-106.34677124023438,56.130367279052734,0.11557413267035324,-0.08026427772030788
124,Canada,CAN,2010,33963413,47361.1158473465,-106.34677124023438,56.130367279052734,0.10690175470947352,0.9451543201122814
124,Canada,CAN,2000,30683313,24348.256257947,-106.34677124023438,56.130367279052734,0.10941481613923026,0.124972628332503
124,Canada,CAN,1990,27657205,21643.4210439745,-106.34677124023438,56.130367279052734,0.0,0.0
136,Cayman Islands,CYM,2020,67311,95190.9325059168,-81.25460052490233,19.31329917907715,0.2447941709509191,0.2614628216903486
136,Cayman Islands,CYM,2010,54074,75460.7514935413,-81.25460052490233,19.31329917907715,0.36347361254696287,0.06332287777096048
136,Cayman Islands,CYM,2000,39659,70966.9217798919,-81.25460052490233,19.31329917907715,0.5237052405102197,0.46540502220669855
136,Cayman Islands,CYM,1990,26028,48428.1960990044,-81.25460052490233,19.31329917907715,0.0,0.0
140,Central African Republic,CAF,2020,5343020,481.016461953413,20.93944358825684,6.611111164093018,0.14655433065661932,-0.014199811582762203
140,Central African Republic,CAF,2010,4660067,487.945191738819,20.93944358825684,6.611111164093018,0.2396531681195583,0.8564687165983544
140,Central African Republic,CAF,2000,3759170,262.83512745256,20.93944358825684,6.611111164093018,0.3381538867892558,-0.5106092169940565
140,Central African Republic,CAF,1990,2809221,537.065953384267,20.93944358825684,6.611111164093018,0.0,0.0
148,Chad,TCD,2020,16644702,679.067283844749,18.73220634460449,15.454166412353516,0.39933451183873325,-0.26017868158165874
148,Chad,TCD,2010,11894727,917.880124482655,18.73220634460449,15.454166412353516,0.440190058598132,3.8671496281204063
148,Chad,TCD,2000,8259137,188.586789931322,18.73220634460449,15.454166412353516,0.4173741549997091,-0.3867014659239121
148,Chad,TCD,1990,5827069,307.495908522627,18.73220634460449,15.454166412353516,0.0,0.0
152,Chile,CHL,2020,19300315,13231.709642446,-71.54296875,-35.675148010253906,0.1350347638419347,0.03307878260062948
152,Chile,CHL,2010,17004162,12808.0354231427,-71.54296875,-35.675148010253906,0.10763318357672609,1.5076250119065833
152,Chile,CHL,2000,15351799,5107.63585557179,-71.54296875,-35.675148010253906,0.15056215800081363,0.9417316446914474
152,Chile,CHL,1990,13342868,2630.45404319165,-71.54296875,-35.675148010253906,0.0,0.0
156,China,CHN,2020,1424929781,10228.9705580833,104.19539642333984,35.86166000366211,0.05691952553726779,1.3001628358382329
156,China,CHN,2010,1348191368,4447.06365945419,104.19539642333984,35.86166000366211,0.0665235036258064,3.737896315113253
156,China,CHN,2000,1264099069,938.615656334364,104.19539642333984,35.86166000366211,0.0956872748912368,1.7996387154075193
156,China,CHN,1990,1153704253,335.263136335696,104.19539642333984,35.86166000366211,0.0,0.0
344,"China, Hong Kong SAR",HKG,2020,7500958,46611.3910399946,114.1094970703125,22.396427154541016,0.05166816732230971,0.4201900589735875
344,"China, Hong Kong SAR",HKG,2010,7132438,32820.5304251193,114.1094970703125,22.396427154541016,0.05960947498921068,0.2630310915206344
344,"China, Hong Kong SAR",HKG,2000,6731195,25985.5285000188,114.1094970703125,22.396427154541016,0.15288339241739507,0.9348218859688757
344,"China, Hong Kong SAR",HKG,1990,5838574,13430.4499491468,114.1094970703125,22.396427154541016,0.0,0.0
446,"China, Macao SAR",MAC,2020,676283,37473.7532621561,113.54387664794922,22.198745727539062,0.21350554551702233,-0.28584274925470715
446,"China, Macao SAR",MAC,2010,557297,52472.6917258749,113.54387664794922,22.198745727539062,0.29034999166466,2.31358601603916
446,"China, Macao SAR",MAC,2000,431896,15835.6208264656,113.54387664794922,22.198745727539062,0.2331887604325195,0.6770196738234148
446,"China, Macao SAR",MAC,1990,350227,9442.71619089726,113.54387664794922,22.198745727539062,0.0,0.0
170,Colombia,COL,2020,50930663,5332.77279049289,-74.29733276367188,4.570868015289307,0.13643654643102876,-0.15843182783574974
170,Colombia,COL,2010,44816108,6336.70921367982,-74.29733276367188,4.570868015289307,0.14282679014551933,1.5307122765240893
170,Colombia,COL,2000,39215136,2503.92321263136,-74.29733276367188,4.570868015289307,0.20286688363285582,0.46553472833468285
170,Colombia,COL,1990,32601393,1708.53898186133,-74.29733276367188,4.570868015289307,0.0,0.0
174,Comoros,COM,2020,806166,1420.65190502353,43.33330154418945,-11.645500183105469,0.2288666268307257,0.08016622542964381
174,Comoros,COM,2010,656024,1315.21600248004,43.33330154418945,-11.645500183105469,0.2221969677210214,0.6905543328285519
174,Comoros,COM,2000,536758,777.979137931335,43.33330154418945,-11.645500183105469,0.24503443364825025,-0.3730711804040315
174,Comoros,COM,1990,431119,1240.93695107638,43.33330154418945,-11.645500183105469,0.0,0.0
178,Congo,COG,2020,5702174,1830.38249097654,15.827658653259276,-0.228020995855331,0.28488576988492714,-0.42809214929746064
178,Congo,COG,2010,4437884,3200.48498849609,15.827658653259276,-0.228020995855331,0.4160311164858026,1.9798621799812315
178,Congo,COG,2000,3134030,1074.03792363184,15.827658653259276,-0.228020995855331,0.31381907283158,-0.17629056619456648
178,Congo,COG,1990,2385435,1303.90387623694,15.827658653259276,-0.228020995855331,0.0,0.0
184,Cook Islands,COK,2020,17029,16134.9779483292,-159.7776641845703,-21.236736297607425,-0.010632117127585406,0.2323614399229552
184,Cook Islands,COK,2010,17212,13092.7319093479,-159.7776641845703,-21.236736297607425,0.0827200100647921,1.3479095292419316
184,Cook Islands,COK,2000,15897,5576.33577711793,-159.7776641845703,-21.236736297607425,-0.07159960287332827,0.39754722072855714
184,Cook Islands,COK,1990,17123,3990.08755797956,-159.7776641845703,-21.236736297607425,0.0,0.0
188,Costa Rica,CRI,2020,5123105,12076.8059608058,-83.75342559814453,9.748916625976562,0.10835692212367479,0.4679263892358775
188,Costa Rica,CRI,2010,4622252,8227.11959493577,-83.75342559814453,9.748916625976562,0.16160538078952189,1.1712641433437296
188,Costa Rica,CRI,2000,3979193,3789.09199977211,-83.75342559814453,9.748916625976562,0.25993444479133093,0.621770053491856
188,Costa Rica,CRI,1990,3158254,2336.39287617487,-83.75342559814453,9.748916625976562,0.0,0.0
191,Croatia,HRV,2020,4096870,13934.2419553929,15.199999809265137,45.09999847412109,-0.062218307489535746,-0.0019250337296962752
191,Croatia,HRV,2010,4368682,13961.1175776341,15.199999809265137,45.09999847412109,-0.03951953573471661,1.8306549021163225
191,Croatia,HRV,2000,4548434,4932.11573307511,15.199999809265137,45.09999847412109,-0.06674036826588058,0.41638667125012124
191,Croatia,HRV,1990,4873707,3482.18169034446,15.199999809265137,45.09999847412109,0.0,0.0
192,Cuba,CUB,2020,11300698,9477.85287326771,-77.78116607666016,21.52175712585449,0.0009105065906328711,0.6539731388512097
192,Cuba,CUB,2010,11290418,5730.35477459488,-77.78116607666016,21.52175712585449,0.016624389924139577,1.0859389014747143
192,Cuba,CUB,2000,11105791,2747.13452562951,-77.78116607666016,21.52175712585449,0.04508567115976015,0.016276987152730623
192,Cuba,CUB,1990,10626680,2703.13562184072,-77.78116607666016,21.52175712585449,0.0,0.0
531,Curaçao,CUW,2020,189289,15819.2105022064,-68.99002075195312,12.169569969177246,0.18765842640230895,-0.20033020945261826
531,Curaçao,CUW,2010,159380,19782.1784556573,-68.99002075195312,12.169569969177246,0.0,0.0
196,Cyprus,CYP,2020,1237537,28133.0711589119,33.42985916137695,35.12641143798828,0.09546989163360438,-0.09227868260699784
196,Cyprus,CYP,2010,1129686,30993.0709126792,33.42985916137695,35.12641143798828,0.19135280383194936,1.1576919786942934
196,Cyprus,CYP,2000,948238,14363.9922744832,33.42985916137695,35.12641143798828,0.2025846544071021,0.3297981809253829
196,Cyprus,CYP,1990,788500,10801.6332707626,33.42985916137695,35.12641143798828,0.0,0.0
203,Czechia,CZE,2020,10530954,22910.628937362,15.472962379455566,49.8174934387207,0.006326477586801174,0.15462917853098695
203,Czechia,CZE,2010,10464749,19842.4129264694,15.472962379455566,49.8174934387207,0.022476357415109956,2.302401287964665
203,Czechia,CZE,2000,10234710,6008.48025307629,15.472962379455566,49.8174934387207,-0.006453912668173483,0.5255511318818625
203,Czechia,CZE,1990,10301193,3938.5636623431,15.472962379455566,49.8174934387207,0.0,0.0
384,Côte d'Ivoire,CIV,2020,26811791,2317.92571866178,-5.547080039978027,7.539988994598389,0.269495155360013,0.8121311037376887
384,Côte d'Ivoire,CIV,2010,21120042,1279.11590606267,-5.547080039978027,7.539988994598389,0.2571700515545841,0.9704495813361107
384,Côte d'Ivoire,CIV,2000,16799670,649.149269374015,-5.547080039978027,7.539988994598389,0.41048756727339253,-0.34910173488910673
384,Côte d'Ivoire,CIV,1990,11910541,997.312950685803,-5.547080039978027,7.539988994598389,0.0,0.0
408,Dem. People's Rep. of Korea,PRK,2020,25867467,617.887235468459,127.51009368896484,40.33985137939453,0.04784129227888546,0.08218485323644824
408,Dem. People's Rep. of Korea,PRK,2010,24686436,570.962745986111,127.51009368896484,40.33985137939453,0.05646307237624246,0.2359664884715211
408,Dem. People's Rep. of Korea,PRK,2000,23367060,461.956494218708,127.51009368896484,40.33985137939453,0.12344205569319759,-0.3713663186986237
408,Dem. People's Rep. of Korea,PRK,1990,20799524,734.858007070797,127.51009368896484,40.33985137939453,0.0,0.0
180,Dem. Rep. of the Congo,COD,2020,92853165,505.883923589688,21.75866317749023,-4.038332939147949,0.39857519191118795,0.5145228463333023
180,Dem. Rep. of the Congo,COD,2010,66391257,334.021982444468,21.75866317749023,-4.038332939147949,0.3656167537331139,0.8867719265604266
180,Dem. Rep. of the Congo,COD,2000,48616317,177.033576630212,21.75866317749023,-4.038332939147949,0.3509207811670155,-0.5923945275982654
180,Dem. Rep. of the Congo,COD,1990,35987541,434.325809187685,21.75866317749023,-4.038332939147949,0.0,0.0
208,Denmark,DNK,2020,5825641,61476.5969290503,9.501785278320312,56.263919830322266,0.0495044992216506,0.06055252184594918
208,Denmark,DNK,2010,5550849,57966.5746511516,9.501785278320312,56.263919830322266,0.03935734474516703,0.8860550109332724
208,Denmark,DNK,2000,5340655,30734.2968869546,9.501785278320312,56.263919830322266,0.038104048031498514,0.14293376514383802
208,Denmark,DNK,1990,5144624,26890.7069020633,9.501785278320312,56.263919830322266,0.0,0.0
262,Djibouti,DJI,2020,1090156,3465.03871349282,42.590274810791016,11.825138092041016,0.1859834638816362,1.3409436798082017
262,Djibouti,DJI,2010,919200,1480.18884152596,42.590274810791016,11.825138092041016,0.23875892312066985,0.9440315292985431
262,Djibouti,DJI,2000,742033,761.401664128385,42.590274810791016,11.825138092041016,0.2856313693964039,-0.01616038985211492
262,Djibouti,DJI,1990,577174,773.908324359837,42.590274810791016,11.825138092041016,0.0,0.0
212,Dominica,DMA,2020,71995,7037.6853112385,-61.370975494384766,15.414999008178713,0.04712384553850629,0.010107070734851165
212,Dominica,DMA,2010,68755,6967.26665433457,-61.370975494384766,15.414999008178713,0.005984256576829661,0.45521211355430374
212,Dominica,DMA,2000,68346,4787.80144106777,-61.370975494384766,15.414999008178713,-0.01634955815894764,0.6737964037290636
212,Dominica,DMA,1990,69482,2860.44433504636,-61.370975494384766,15.414999008178713,0.0,0.0
214,Dominican Republic,DOM,2020,10999664,7268.18860336878,-70.16265106201172,18.73569297790528,0.1251984117850744,0.32555565237762707
214,Dominican Republic,DOM,2010,9775755,5483.12595576953,-70.16265106201172,18.73569297790528,0.14459584076043533,0.9386234636263866
214,Dominican Republic,DOM,2000,8540792,2828.36046228018,-70.16265106201172,18.73569297790528,0.1980343958286459,1.1187991831985336
214,Dominican Republic,DOM,1990,7129004,1334.88840504955,-70.16265106201172,18.73569297790528,0.0,0.0
218,Ecuador,ECU,2020,17588596,5600.39151951811,-78.18340301513672,-1.831238985061645,0.1733877106412412,0.2086505466256
218,Ecuador,ECU,2010,14989586,4633.59035839904,-78.18340301513672,-1.831238985061645,0.18715223458079103,2.207621000450431
218,Ecuador,ECU,2000,12626507,1444.5566847668,-78.18340301513672,-1.831238985061645,0.20829691331100061,-0.02972752767432498
218,Ecuador,ECU,1990,10449838,1488.81548840018,-78.18340301513672,-1.831238985061645,0.0,0.0
818,Egypt,EGY,2020,107465134,3608.8422559128,30.80249786376953,26.82055282592773,0.23165800318143634,0.3915655980062219
818,Egypt,EGY,2010,87252414,2593.36840540137,30.80249786376953,26.82055282592773,0.2225127744496771,0.8655810685086603
818,Egypt,EGY,2000,71371372,1390.11295149693,30.80249786376953,26.82055282592773,0.2474321821633351,1.167890292401996
818,Egypt,EGY,1990,57214631,641.228459008736,30.80249786376953,26.82055282592773,0.0,0.0
222,El Salvador,SLV,2020,6292731,3798.63470103088,-88.89653015136719,13.794184684753418,0.029227179759356955,0.2733294084106451
222,El Salvador,SLV,2010,6114035,2983.23016490469,-88.89653015136719,13.794184684753418,0.02610614582707475,0.49046890889562444
222,El Salvador,SLV,2000,5958482,2001.53800397966,-88.89653015136719,13.794184684753418,0.11017016574256235,1.189552879000606
222,El Salvador,SLV,1990,5367179,914.130927449095,-88.89653015136719,13.794184684753418,0.0,0.0
226,Equatorial Guinea,GNQ,2020,1596049,7143.23810177987,10.267894744873049,1.650800943374633,0.4582115529567621,-0.5864267585256229
226,Equatorial Guinea,GNQ,2010,1094525,17272.002599381,10.267894744873049,1.650800943374633,0.5979003674575935,5.929988504674369
226,Equatorial Guinea,GNQ,2000,684977,2492.35660170732,10.267894744873049,1.650800943374633,0.471331696556109,5.155337607320591
226,Equatorial Guinea,GNQ,1990,465549,404.909813353396,10.267894744873049,1.650800943374633,0.0,0.0
232,Eritrea,ERI,2020,3555868,587.614195752495,39.78233337402344,15.179384231567385,0.12966213397794663,0.17205064980379145
232,Eritrea,ERI,2010,3147727,501.355633266246,39.78233337402344,15.179384231567385,0.31545543445555146,0.6270712994396173
232,Eritrea,ERI,2000,2392880,308.133782114477,39.78233337402344,15.179384231567385,0.11298814861671845,1.0940479797646732
232,Eritrea,ERI,1990,2149960,147.147431716968,39.78233337402344,15.179384231567385,0.0,0.0
233,Estonia,EST,2020,1329444,23105.5233911819,25.013607025146484,58.59527206420898,-0.0015703680338857034,0.5755673955323651
233,Estonia,EST,2010,1331535,14664.8905382907,25.013607025146484,58.59527206420898,-0.046777203719439865,2.605432263023178
233,Estonia,EST,2000,1396877,4067.44308822324,25.013607025146484,58.59527206420898,-0.11065122361483032,0.1250323678760006
233,Estonia,EST,1990,1570674,3615.40094699884,25.013607025146484,58.59527206420898,0.0,0.0
748,Eswatini,SWZ,2020,1180655,3305.77427113107,31.465866088867188,-26.52250289916992,0.07340079278492981,-0.20696169492306268
748,Eswatini,SWZ,2010,1099920,4168.4925557415,31.465866088867188,-26.52250289916992,0.06736846395477133,1.4113476569775576
748,Eswatini,SWZ,2000,1030497,1728.69828358404,31.465866088867188,-26.52250289916992,0.20665541778735871,0.13338093366510298
748,Eswatini,SWZ,1990,854011,1525.25795364654,31.465866088867188,-26.52250289916992,0.0,0.0
231,Ethiopia,ETH,2020,117190911,840.361930061963,40.48967361450195,9.145000457763672,0.31324307433831483,1.7991508260372697
231,Ethiopia,ETH,2010,89237791,300.220310475965,40.48967361450195,9.145000457763672,0.3312741386123111,1.4759065527355295
231,Ethiopia,ETH,2000,67031867,121.25672115705,40.48967361450195,9.145000457763672,0.40005354016537925,-0.48190275840382946
231,Ethiopia,ETH,1990,47878074,234.042398649872,40.48967361450195,9.145000457763672,0.0,0.0
242,Fiji,FJI,2020,920422,5013.23098335222,178.06503295898438,-17.71337127685547,0.016849873504424583,0.3725293890321758
242,Fiji,FJI,2010,905170,3652.54909906683,178.06503295898438,-17.71337127685547,0.0872795369179192,0.7343924075078169
242,Fiji,FJI,2000,832509,2105.95311836913,178.06503295898438,-17.71337127685547,0.06673116102661353,0.14581100195730445
242,Fiji,FJI,1990,780430,1837.95854182905,178.06503295898438,-17.71337127685547,0.0,0.0
246,Finland,FIN,2020,5529468,48685.2453931033,25.748151779174805,61.924110412597656,0.030987799984785406,0.04837131926565103
246,Finland,FIN,2010,5363272,46438.9329414369,25.748151779174805,61.924110412597656,0.03613899670589035,0.9165511863642876
246,Finland,FIN,2000,5176209,24230.4683912627,25.748151779174805,61.924110412597656,0.03803515259563486,-0.1441171217608226
246,Finland,FIN,1990,4986545,28310.4955214345,25.748151779174805,61.924110412597656,0.0,0.0
250,France,FRA,2020,64480053,38958.6034185801,2.213748931884765,46.227638244628906,0.032596686914331555,-0.042439392362984406
250,France,FRA,2010,62444567,40685.2611812413,2.213748931884765,46.227638244628906,0.06441804855747044,0.8180898818870508
250,France,FRA,2000,58665453,22378.025193679,2.213748931884765,46.227638244628906,0.039929805413113244,0.026838113766154515
250,France,FRA,1990,56412897,21793.1384642538,2.213748931884765,46.227638244628906,0.0,0.0
258,French Polynesia,PYF,2020,301920,20707.4527737439,-149.40684509277344,-17.67974281311035,0.06389276502177682,-0.09260554575966502
258,French Polynesia,PYF,2010,283788,22820.7839236576,-149.40684509277344,-17.67974281311035,0.13095840622970026,0.4619624321135216
258,French Polynesia,PYF,2000,250927,15609.6924396793,-149.40684509277344,-17.67974281311035,0.18872045099246768,-0.12544779902655814
258,French Polynesia,PYF,1990,211090,17848.7829797976,-149.40684509277344,-17.67974281311035,0.0,0.0
266,Gabon,GAB,2020,2292573,6789.39263219054,11.60944366455078,-0.8036890029907221,0.339820174682442,-0.23203513324314567
266,Gabon,GAB,2010,1711105,8840.75942283976,11.60944366455078,-0.8036890029907221,0.3442202469097008,0.9129909142745325
266,Gabon,GAB,2000,1272935,4621.43304334117,11.60944366455078,-0.8036890029907221,0.29491225071920635,-0.2734495684211921
266,Gabon,GAB,1990,983028,6360.78769273966,11.60944366455078,-0.8036890029907221,0.0,0.0
270,Gambia,GMB,2020,2573995,757.412441096855,-15.310138702392578,13.443181991577148,0.3286678452981637,-0.11994206682628368
270,Gambia,GMB,2010,1937275,860.639297194254,-15.310138702392578,13.443181991577148,0.34763300334808306,-0.1284090145878398
270,Gambia,GMB,2000,1437539,987.434830785076,-15.310138702392578,13.443181991577148,0.38143080636853555,-0.19766302985812859
270,Gambia,GMB,1990,1040616,1230.69840669373,-15.310138702392578,13.443181991577148,0.0,0.0
268,Georgia,GEO,2020,3765912,3983.68975637212,43.35689163208008,42.315406799316406,-0.018483743485183477,0.3337637142589853
268,Georgia,GEO,2010,3836831,2986.80321992819,43.35689163208008,42.315406799316406,-0.1004276029196478,3.050148933182525
268,Georgia,GEO,2000,4265172,737.455157625826,43.35689163208008,42.315406799316406,-0.20892805078087615,-0.550574276550617
268,Georgia,GEO,1990,5391636,1640.88328537537,43.35689163208008,42.315406799316406,0.0,0.0
276,Germany,DEU,2020,83328988,45908.7247130686,10.451525688171388,51.16569137573242,0.024640587548074033,0.09254350445646549
276,Germany,DEU,2010,81325090,42020.0427038445,10.451525688171388,51.16569137573242,-0.0027784468491064873,0.7602754748667215
276,Germany,DEU,2000,81551677,23871.2879340809,10.451525688171388,51.16569137573242,0.027484888660222032,0.06517862999127777
276,Germany,DEU,1990,79370196,22410.5959901546,10.451525688171388,51.16569137573242,0.0,0.0
288,Ghana,GHA,2020,32180402,2205.52608626793,-1.023193955421447,7.946527004241944,0.2582895632206164,0.2832920530989974
288,Ghana,GHA,2010,25574719,1718.64703824967,-1.023193955421447,7.946527004241944,0.30048645592672896,2.1347411066766964
288,Ghana,GHA,2000,19665502,548.25804739955,-1.023193955421447,7.946527004241944,0.27309671235455574,-0.38702367449684844
288,Ghana,GHA,1990,15446982,894.419612290118,-1.023193955421447,7.946527004241944,0.0,0.0
300,Greece,GRC,2020,10512232,18117.070258478,21.824312210083008,39.0742073059082,-0.047268556940081204,-0.3354831697880775
300,Greece,GRC,2010,11033783,27263.5235629777,21.824312210083008,39.0742073059082,-0.0003919149557229413,1.293797590258348
300,Greece,GRC,2000,11038109,11885.7582198031,21.824312210083008,39.0742073059082,0.07142649837341436,0.24159798230968996
300,Greece,GRC,1990,10302255,9572.95226728103,21.824312210083008,39.0742073059082,0.0,0.0
304,Greenland,GRL,2020,56027,55138.5698779367,-42.60430145263672,71.70693969726562,-0.00574967613706944,0.24759478166307827
304,Greenland,GRL,2010,56351,44195.896526944,-42.60430145263672,71.70693969726562,0.0029723764772889077,1.1272650410638927
304,Greenland,GRL,2000,56184,20775.9238617679,-42.60430145263672,71.70693969726562,0.010521771974316085,0.03748037963963624
304,Greenland,GRL,1990,55599,20025.3655582232,-42.60430145263672,71.70693969726562,0.0,0.0
308,Grenada,GRD,2020,123663,9272.8837561111,-61.68982,12.09227,0.08439218162207666,0.2776489389500933
308,Grenada,GRD,2010,114039,7257.77126518892,-61.68982,12.09227,0.0614993670414774,0.43514347761271416
308,Grenada,GRD,2000,107432,5057.17468560136,-61.68982,12.09227,0.0846567791048694,1.0633299252271469
308,Grenada,GRD,1990,99047,2450.97724012539,-61.68982,12.09227,0.0,0.0
320,Guatemala,GTM,2020,17362719,4331.6869582017,-90.2307586669922,15.78347110748291,0.1938784666647551,0.5577943527894466
320,Guatemala,GTM,2010,14543121,2780.65391009103,-90.2307586669922,15.78347110748291,0.23920009843306356,0.9143883101298671
320,Guatemala,GTM,2000,11735894,1452.50255414608,-90.2307586669922,15.78347110748291,0.29181928456165146,1.0048044607325928
320,Guatemala,GTM,1990,9084780,724.510835144146,-90.2307586669922,15.78347110748291,0.0,0.0
324,Guinea,GIN,2020,13205153,1179.48889016162,-9.69664478302002,9.945587158203123,0.2857075954109582,0.7540840090485353
324,Guinea,GIN,2010,10270728,672.424401611989,-9.69664478302002,9.945587158203123,0.2319501804433195,0.29789157924120946
324,Guinea,GIN,2000,8336967,518.089809940142,-9.69664478302002,9.945587158203123,0.3120517394551116,-0.15739569443508447
324,Guinea,GIN,1990,6354145,614.867271052922,-9.69664478302002,9.945587158203123,0.0,0.0
624,Guinea-Bissau,GNB,2020,2015828,668.190170586211,-15.180413246154783,11.803749084472656,0.2862436121006546,0.19826344393616796
624,Guinea-Bissau,GNB,2010,1567221,557.632108337777,-15.180413246154783,11.803749084472656,0.27328453774589734,0.8470355561069521
624,Guinea-Bissau,GNB,2000,1230849,301.906536933763,-15.180413246154783,11.803749084472656,0.26428815747711215,-0.5166778537763574
624,Guinea-Bissau,GNB,1990,973551,624.648672304093,-15.180413246154783,11.803749084472656,0.0,0.0
328,Guyana,GUY,2020,797202,6956.01941538948,-58.93017959594727,4.860415935516357,0.06587497259109117,0.5185621317686576
328,Guyana,GUY,2010,747932,4580.6617127268,-58.93017959594727,4.860415935516357,-0.014648554576701698,2.009633443868818
328,Guyana,GUY,2000,759051,1521.99987080103,-58.93017959594727,4.860415935516357,0.015973401756351414,0.7903505429977538
328,Guyana,GUY,1990,747117,850.112776379871,-58.93017959594727,4.860415935516357,0.0,0.0
332,Haiti,HTI,2020,11306802,1359.80253637103,-72.28521728515625,18.97118759155273,0.14872903052765044,0.14540093774061216
332,Haiti,HTI,2010,9842880,1187.18475912316,-72.28521728515625,18.97118759155273,0.1773463034786743,0.5795046743395782
332,Haiti,HTI,2000,8360225,751.618389239364,-72.28521728515625,18.97118759155273,0.20719500627479034,0.5042487568152787
332,Haiti,HTI,1990,6925331,499.663626666811,-72.28521728515625,18.97118759155273,0.0,0.0
340,Honduras,HND,2020,10121763,2405.73499733933,-86.24190521240233,15.19999885559082,0.1977095310068131,0.26328640381031293
340,Honduras,HND,2010,8450933,1904.34646496881,-86.24190521240233,15.19999885559082,0.2695331412969591,0.7419754076032856
340,Honduras,HND,2000,6656725,1093.21087809668,-86.24190521240233,15.19999885559082,0.3173197599794508,0.48934873809687995
340,Honduras,HND,1990,5053234,734.019407364327,-86.24190521240233,15.19999885559082,0.0,0.0
348,Hungary,HUN,2020,9750573,16128.6516647777,19.50330352783203,47.16249465942382,-0.02365636726387015,0.21087286815002648
348,Hungary,HUN,2010,9986825,13319.8555265501,19.50330352783203,47.16249465942382,-0.02109673002154958,1.883105814219431
348,Hungary,HUN,2000,10202055,4619.96762687543,19.50330352783203,47.16249465942382,-0.01676321970240912,0.2890172425046378
348,Hungary,HUN,1990,10375990,3584.1007199396,19.50330352783203,47.16249465942382,0.0,0.0
352,Iceland,ISL,2020,366669,63644.018266178,-19.020835876464844,64.96305084228516,0.15184099669214313,0.4825627976111574
352,Iceland,ISL,2010,318333,42928.3794040476,-19.020835876464844,64.96305084228516,0.13099814539795782,0.333820621274987
352,Iceland,ISL,2000,281462,32184.5222058516,-19.020835876464844,64.96305084228516,0.10368598541290878,0.2689392814860003
352,Iceland,ISL,1990,255020,25363.3272099211,-19.020835876464844,64.96305084228516,0.0,0.0
356,India,IND,2020,1396387127,1930.97121792722,78.96288299560547,20.59368324279785,0.12556166117215448,0.4274875164677495
356,India,IND,2010,1240613620,1352.7062027872,78.96288299560547,20.59368324279785,0.17079482208792582,2.001663755946938
356,India,IND,2000,1059633675,450.652142535019,78.96288299560547,20.59368324279785,0.21733705493167452,0.19567718696272335
356,India,IND,1990,870452165,376.901179891014,78.96288299560547,20.59368324279785,0.0,0.0
360,Indonesia,IDN,2020,271857971,3869.58852046848,113.92132568359376,-0.789274990558624,0.11409816676372513,0.23931418725578535
360,Indonesia,IDN,2010,244016173,3122.36280376723,113.92132568359376,-0.789274990558624,0.13987673293106387,2.758762193453969
360,Indonesia,IDN,2000,214072422,830.689105366907,113.92132568359376,-0.789274990558624,0.1751897786227059,0.1303879802152302
360,Indonesia,IDN,1990,182159874,734.870787646504,113.92132568359376,-0.789274990558624,0.0,0.0
364,Iran (Islamic Republic of),IRN,2020,87290193,11183.2748769679,53.68804550170898,32.42790985107422,0.15809643808187865,0.5748394907332672
364,Iran (Islamic Republic of),IRN,2010,75373855,7101.21567485002,53.68804550170898,32.42790985107422,0.14996665694450126,3.175123761475953
364,Iran (Islamic Republic of),IRN,2000,65544383,1700.83956321804,53.68804550170898,32.42790985107422,0.17476464920394405,-0.0051236842232597985
364,Iran (Islamic Republic of),IRN,1990,55793629,1709.59900868695,53.68804550170898,32.42790985107422,0.0,0.0
368,Iraq,IRQ,2020,42556984,4145.86396710848,43.679290771484375,33.22319030761719,0.3611755684294276,-0.10981010631509124
368,Iraq,IRQ,2010,31264875,4657.28042580536,43.679290771484375,33.22319030761719,0.2694407105680661,3.628612821948994
368,Iraq,IRQ,2000,24628858,1006.193562728,43.679290771484375,33.22319030761719,0.3947403561662671,-0.26594420537236846
368,Iraq,IRQ,1990,17658382,1370.73172106545,43.679290771484375,33.22319030761719,0.0,0.0
372,Ireland,IRL,2020,4946119,86250.9941527383,-8.243889808654785,53.41291046142578,0.09316522951828732,0.7721518061749959
372,Ireland,IRL,2010,4524585,48670.2063853672,-8.243889808654785,53.41291046142578,0.2004892077397663,0.8420042322529924
372,Ireland,IRL,2000,3768951,26422.418327366,-8.243889808654785,53.41291046142578,0.08136168991858839,0.8810793554207109
372,Ireland,IRL,1990,3485375,14046.4134334495,-8.243889808654785,53.41291046142578,0.0,0.0
376,Israel,ISR,2020,8757490,47033.5865472019,34.85161209106445,31.046051025390625,0.19499975779309253,0.4725029836098316
376,Israel,ISR,2010,7328445,31941.2504223926,34.85161209106445,31.046051025390625,0.19805383656386066,0.43385880602336624
376,Israel,ISR,2000,6116958,22276.4265827385,34.85161209106445,31.046051025390625,0.2735029211447073,0.6852374176362627
376,Israel,ISR,1990,4803254,13218.5687011292,34.85161209106445,31.046051025390625,0.0,0.0
380,Italy,ITA,2020,59500579,31238.0483461991,12.567379951477053,41.87194061279297,-0.005380438280277722,-0.1315890926050243
380,Italy,ITA,2010,59822450,35971.5062077073,12.567379951477053,41.87194061279297,0.050135730891744286,0.7828741137369525
380,Italy,ITA,2000,56966398,20176.1335422107,12.567379951477053,41.87194061279297,0.0036971408468529305,-0.025625640326037893
380,Italy,ITA,1990,56756561,20706.7574612307,12.567379951477053,41.87194061279297,0.0,0.0
388,Jamaica,JAM,2020,2820436,4664.51971786885,-77.2975082397461,18.109580993652344,0.03165445942347478,-0.00840356074299289
388,Jamaica,JAM,2010,2733896,4704.05049191577,-77.2975082397461,18.109580993652344,0.04658554745894752,0.3867575037654753
388,Jamaica,JAM,2000,2612205,3392.12189524327,-77.2975082397461,18.109580993652344,0.0920452502686003,0.5555387321955025
388,Jamaica,JAM,1990,2392030,2180.67337381924,-77.2975082397461,18.109580993652344,0.0,0.0
392,Japan,JPN,2020,125244761,39989.7255087383,138.2529296875,36.2048225402832,-0.022330591120684026,-0.1074302215896494
392,Japan,JPN,2010,128105431,44802.9123055894,138.2529296875,36.2048225402832,0.010264435086877993,0.14996806970965706
392,Japan,JPN,2000,126803861,38960.1359252533,138.2529296875,36.2048225402832,0.025205212466461832,0.5483636813002737
392,Japan,JPN,1990,123686321,25162.1349659504,138.2529296875,36.2048225402832,0.0,0.0
400,Jordan,JOR,2020,10928721,4282.72167145816,36.2384147644043,30.58516311645508,0.5767295667352785,0.14614044394783418
400,Jordan,JOR,2010,6931259,3736.6464939554,36.2384147644043,30.58516311645508,0.3708505680382044,1.1938612169916383
400,Jordan,JOR,2000,5056174,1703.2282922068,36.2384147644043,30.58516311645508,0.45267852807586767,0.46499713839653745
400,Jordan,JOR,1990,3480587,1162.61543969363,36.2384147644043,30.58516311645508,0.0,0.0
398,Kazakhstan,KAZ,2020,18979243,9111.41050061829,66.9236831665039,48.01957321166992,0.14141382309677442,0.0002285572780398118
398,Kazakhstan,KAZ,2010,16627837,9109.32849729218,66.9236831665039,48.01957321166992,0.0913337419639855,6.431446487927222
398,Kazakhstan,KAZ,2000,15236253,1225.78134850204,66.9236831665039,48.01957321166992,-0.09665928974385593,-0.3229871528440127
398,Kazakhstan,KAZ,1990,16866563,1810.57324635911,66.9236831665039,48.01957321166992,0.0,0.0
404,Kenya,KEN,2020,51985780,1878.58119241031,37.906192779541016,-0.023559000343084,0.2521294431683147,0.801888645716259
404,Kenya,KEN,2010,41517896,1042.56231198103,37.906192779541016,-0.023559000343084,0.34572884147424937,1.1030364878831747
404,Kenya,KEN,2000,30851606,495.741428162489,37.906192779541016,-0.023559000343084,0.3319767881127368,-0.15227656083866348
404,Kenya,KEN,1990,23162270,584.791460588765,37.906192779541016,-0.023559000343084,0.0,0.0
296,Kiribati,KIR,2020,126464,1514.56946404026,-157.36302185058594,1.870883345603942,0.1710171767211445,0.003764137969062776
296,Kiribati,KIR,2010,107995,1508.889794673,-157.36302185058594,1.870883345603942,0.2158039312813816,0.7047680804345455
296,Kiribati,KIR,2000,88826,885.099745819023,-157.36302185058594,1.870883345603942,0.1823917789255098,0.812436743415547
296,Kiribati,KIR,1990,75124,488.347937678116,-157.36302185058594,1.870883345603942,0.0,0.0
414,Kuwait,KWT,2020,4360445,24809.0396285701,47.48176574707031,29.31166076660156,0.48145298038939893,-0.3568851964478427
414,Kuwait,KWT,2010,2943357,38576.3777968424,47.48176574707031,29.31166076660156,0.5211917709527407,1.0916756148974605
414,Kuwait,KWT,2000,1934902,18442.8108842936,47.48176574707031,29.31166076660156,0.15520813307716463,1.0921667748463322
414,Kuwait,KWT,1990,1674938,8815.17243559525,47.48176574707031,29.31166076660156,0.0,0.0
417,Kyrgyzstan,KGZ,2020,6424874,1185.73019277986,74.76609802246094,41.20438003540039,0.17161538750502847,0.34102864238591324
417,Kyrgyzstan,KGZ,2010,5483774,884.194531945454,74.76609802246094,41.20438003540039,0.11115942633929204,2.175637791691478
417,Kyrgyzstan,KGZ,2000,4935182,278.430535830881,74.76609802246094,41.20438003540039,0.12297627114633104,-0.5331427769945781
417,Kyrgyzstan,KGZ,1990,4394734,596.393334215689,74.76609802246094,41.20438003540039,0.0,0.0
418,Lao People's Dem. Republic,LAO,2020,7319399,2622.75763965773,102.49549865722656,19.85626983642578,0.15750656409135627,1.2410823577385117
418,Lao People's Dem. Republic,LAO,2010,6323419,1170.30845858979,102.49549865722656,19.85626983642578,0.16435097764568476,2.4497653873153493
418,Lao People's Dem. Republic,LAO,2000,5430853,339.242912834875,102.49549865722656,19.85626983642578,0.25876109616003734,0.6019779886237374
418,Lao People's Dem. Republic,LAO,1990,4314443,211.765027512219,102.49549865722656,19.85626983642578,0.0,0.0
428,Latvia,LVA,2020,1897052,17870.5103156209,24.60318946838379,56.87963485717773,-0.0973000160359281,0.5800835423344759
428,Latvia,LVA,2010,2101531,11309.8515596323,24.60318946838379,56.87963485717773,-0.12162815095317508,2.3878825131158234
428,Latvia,LVA,2000,2392530,3338.32460713954,24.60318946838379,56.87963485717773,-0.1103822389529823,-0.0698303189346797
428,Latvia,LVA,1990,2689391,3588.9415394793,24.60318946838379,56.87963485717773,0.0,0.0
422,Lebanon,LBN,2020,5662924,9310.16192545214,35.86228561401367,33.85472106933594,0.13353697105568677,0.1995086734004976
422,Lebanon,LBN,2010,4995800,7761.64619056791,35.86228561401367,33.85472106933594,0.15626335160376628,0.7883031592187358
422,Lebanon,LBN,2000,4320642,4340.22953577892,35.86228561401367,33.85472106933594,0.20228232740629434,3.123744592963541
422,Lebanon,LBN,1990,3593700,1052.49717530634,35.86228561401367,33.85472106933594,0.0,0.0
426,Lesotho,LSO,2020,2254100,1061.26571462724,28.23360824584961,-29.609987258911133,0.11437564856109043,-0.05213151725646825
426,Lesotho,LSO,2010,2022747,1119.63393017931,28.23360824584961,-29.609987258911133,0.012066765734528152,1.7685191565397882
426,Lesotho,LSO,2000,1998630,404.416175894797,28.23360824584961,-29.609987258911133,0.11096905664656473,0.17202128065878153
426,Lesotho,LSO,1990,1798997,345.058731073107,28.23360824584961,-29.609987258911133,0.0,0.0
430,Liberia,LBR,2020,5087585,490.51912388306,-9.429498672485352,6.4280548095703125,0.26558226010433944,0.4773874116386117
430,Liberia,LBR,2010,4019956,332.017939247913,-9.429498672485352,6.4280548095703125,0.3884784044343374,0.46638790660293983
430,Liberia,LBR,2000,2895224,226.418901678664,-9.429498672485352,6.4280548095703125,0.31021558732714527,-0.21031245035321905
430,Liberia,LBR,1990,2209731,286.719604202876,-9.429498672485352,6.4280548095703125,0.0,0.0
434,Libya,LBY,2020,6653942,4242.76717359281,17.228330612182617,26.335100173950195,0.02494674974753496,-0.6513392322690064
434,Libya,LBY,2010,6491988,12168.7541767426,17.228330612182617,26.335100173950195,0.2594088216978771,0.6947751495996742
434,Libya,LBY,2000,5154790,7180.15848864494,17.228330612182617,26.335100173950195,0.21661805109909574,0.024690305332522595
434,Libya,LBY,1990,4236983,7007.14982007652,17.228330612182617,26.335100173950195,0.0,0.0
438,Liechtenstein,LIE,2020,38756,180227.131991826,9.555373191833496,47.16600036621094,0.07877303345766297,0.154070335532691
438,Liechtenstein,LIE,2010,35926,156166.506011644,9.555373191833496,47.16600036621094,0.08777666757501439,0.886382619639981
438,Liechtenstein,LIE,2000,33027,82786.2303149552,9.555373191833496,47.16600036621094,0.14816617416999825,0.3573588723356942
438,Liechtenstein,LIE,1990,28765,60990.6724022805,9.555373191833496,47.16600036621094,0.0,0.0
440,Lithuania,LTU,2020,2820267,20771.8421796845,23.88127517700196,55.16943740844727,-0.10154510055530087,0.7471754262567729
440,Lithuania,LTU,2010,3139019,11888.8131480804,23.88127517700196,55.16943740844727,-0.12796234731446532,2.612390413899444
440,Lithuania,LTU,2000,3599637,3291.12077762571,23.88127517700196,55.16943740844727,-0.049185822881907273,0.18851809144177092
440,Lithuania,LTU,1990,3785847,2769.096071254,23.88127517700196,55.16943740844727,0.0,0.0
442,Luxembourg,LUX,2020,630400,117181.646629287,6.12958288192749,49.81527328491211,0.2432208570808764,0.05976005711149954
442,Luxembourg,LUX,2010,507070,110573.75284428,6.12958288192749,49.81527328491211,0.16399772282773376,1.2770227100585871
442,Luxembourg,LUX,2000,435628,48560.6719493083,6.12958288192749,49.81527328491211,0.14257987184833726,0.45085833173241663
442,Luxembourg,LUX,1990,381267,33470.30574055,6.12958288192749,49.81527328491211,0.0,0.0
450,Madagascar,MDG,2020,28225177,469.766309497188,46.86910629272461,-18.76694679260254,0.2988407418637284,-0.004646380520014648
450,Madagascar,MDG,2010,21731053,471.959211584134,46.86910629272461,-18.76694679260254,0.34006385252094,0.6529896915497401
450,Madagascar,MDG,2000,16216431,285.518544971478,46.86910629272461,-18.76694679260254,0.3647021626790135,-0.08245443913330223
450,Madagascar,MDG,1990,11882762,311.176422347662,46.86910629272461,-18.76694679260254,0.0,0.0
454,Malawi,MWI,2020,19377062,614.867604712418,34.3015251159668,-13.254307746887209,0.31651762668579553,0.28453681237062417
454,Malawi,MWI,2010,14718422,478.668730075298,34.3015251159668,-13.254307746887209,0.3107057402153831,0.693943936083906
454,Malawi,MWI,2000,11229387,282.5764890318,34.3015251159668,-13.254307746887209,0.17712592632969815,-0.160700554311775
454,Malawi,MWI,1990,9539665,336.681372165196,34.3015251159668,-13.254307746887209,0.0,0.0
458,Malaysia,MYS,2020,33199993,10401.7931992135,101.97576904296876,4.210484027862549,0.1560799493525446,0.15056409680123434
458,Malaysia,MYS,2010,28717731,9040.60297738498,101.97576904296876,4.210484027862549,0.251581750391695,1.2357464254905082
458,Malaysia,MYS,2000,22945150,4043.66205143391,101.97576904296876,4.210484027862549,0.30987486195596237,0.6560409304487993
458,Malaysia,MYS,1990,17517055,2441.76455852335,101.97576904296876,4.210484027862549,0.0,0.0
462,Maldives,MDV,2020,514438,6924.0938466658,73.5361099243164,1.977246880531311,0.4227698264537095,-0.02155939868894332
462,Maldives,MDV,2010,361575,7076.66243345574,73.5361099243164,1.977246880531311,0.2798797905892597,1.2310280919125243
462,Maldives,MDV,2000,282507,3171.92887848819,73.5361099243164,1.977246880531311,0.2558266690967607,1.5217689817137363
462,Maldives,MDV,1990,224957,1257.81897607949,73.5361099243164,1.977246880531311,0.0,0.0
466,Mali,MLI,2020,21224040,855.863188075269,-3.996165990829468,17.57069206237793,0.3667198547045076,0.20615132298953964
466,Mali,MLI,2010,15529181,709.581933678061,-3.996165990829468,17.57069206237793,0.38171024533012027,1.6293360388641445
466,Mali,MLI,2000,11239101,269.871147388447,-3.996165990829468,17.57069206237793,0.25646375985939,-0.16522189767509057
466,Mali,MLI,1990,8945026,323.284890483877,-3.996165990829468,17.57069206237793,0.0,0.0
470,Malta,MLT,2020,515358,33770.7901217407,14.375415802001951,35.937496185302734,0.23069097682415732,0.5497543147513941
470,Malta,MLT,2010,418755,21791.0605573362,14.375415802001951,35.937496185302734,0.048953939260342874,1.1079083504588
470,Malta,MLT,2000,399212,10337.7647100232,14.375415802001951,35.937496185302734,0.092558129351491,0.41162628927473494
470,Malta,MLT,1990,365392,7323.30135005812,14.375415802001951,35.937496185302734,0.0,0.0
584,Marshall Islands,MHL,2020,43414,4130.13090048995,171.9893798828125,6.068301677703857,-0.18724726673655834,0.4507298851445304
584,Marshall Islands,MHL,2010,53416,2846.93308022567,171.9893798828125,6.068301677703857,-0.01491931765790687,0.26059879300497546
584,Marshall Islands,MHL,2000,54225,2258.39743463441,171.9893798828125,6.068301677703857,0.17757557331480195,0.34776696845160016
584,Marshall Islands,MHL,1990,46048,1675.65869137526,171.9893798828125,6.068301677703857,0.0,0.0
478,Mauritania,MRT,2020,4498604,1702.48769147385,-10.940834999084473,21.007890701293945,0.3155886263946277,0.056839935871336456
478,Mauritania,MRT,2010,3419461,1610.92293514646,-10.940834999084473,21.007890701293945,0.2688148143750436,1.3810230066326514
478,Mauritania,MRT,2000,2695004,676.567563882845,-10.940834999084473,21.007890701293945,0.343453502869104,-0.3985985190726097
478,Mauritania,MRT,1990,2006027,1124.98486508471,-10.940834999084473,21.007890701293945,0.0,0.0
480,Mauritius,MUS,2020,1297828,8586.94267243051,57.55215072631836,-20.348403930664062,0.011297172200447275,0.07121859310209416
480,Mauritius,MUS,2010,1283330,8016.05081140719,57.55215072631836,-20.348403930664062,0.0554299544957732,0.9510544534910582
480,Mauritius,MUS,2000,1215931,4108.57359571073,57.55215072631836,-20.348403930664062,0.11523631327444991,0.5860988770472458
480,Mauritius,MUS,1990,1090290,2590.36410350371,57.55215072631836,-20.348403930664062,0.0,0.0
484,Mexico,MEX,2020,125998302,8325.57121757046,-102.55278778076172,23.63450050354004,0.11966243393313895,-0.10201497063626748
484,Mexico,MEX,2010,112532401,9271.39200023139,-102.55278778076172,23.63450050354004,0.14977463447132064,0.29527681186388177
484,Mexico,MEX,2000,97873442,7157.84604133383,-102.55278778076172,23.63450050354004,0.1976618869397013,1.0032120303716818
484,Mexico,MEX,1990,81720428,3573.18443220698,-102.55278778076172,23.63450050354004,0.0,0.0
583,Micronesia (Fed. States of),FSM,2020,112107,3499.86321866062,158.21507263183594,6.887481212615967,0.04200282559393241,0.21293670091770042
583,Micronesia (Fed. States of),FSM,2010,107588,2885.44589013808,158.21507263183594,6.887481212615967,-0.03689049226114279,0.32898834134124083
583,Micronesia (Fed. States of),FSM,2000,111709,2171.15967114206,158.21507263183594,6.887481212615967,0.13291684837175338,0.3241598954442767
583,Micronesia (Fed. States of),FSM,1990,98603,1639.65067860147,158.21507263183594,6.887481212615967,0.0,0.0
492,Monaco,MCO,2020,36922,173695.77238078,7.424615859985352,43.73841857910156,0.11281232104644504,0.15353424749210898
492,Monaco,MCO,2010,33179,150577.039874118,7.424615859985352,43.73841857910156,0.021961436579806568,0.8566610651213531
492,Monaco,MCO,2000,32466,81100.9842899227,7.424615859985352,43.73841857910156,0.07046061525272841,-0.017087314630597348
492,Monaco,MCO,1990,30329,82510.8735466599,7.424615859985352,43.73841857910156,0.0,0.0
496,Mongolia,MNG,2020,3294335,4007.31127951355,103.8466567993164,46.86249542236328,0.21898635347749507,0.5160296849578256
496,Mongolia,MNG,2010,2702520,2643.29341257261,103.8466567993164,46.86249542236328,0.10262833642053383,3.8072614287404205
496,Mongolia,MNG,2000,2450980,549.854309309988,103.8466567993164,46.86249542236328,0.13396066405944576,-0.3134192488752619
496,Mongolia,MNG,1990,2161433,800.858906121722,103.8466567993164,46.86249542236328,0.0,0.0
499,Montenegro,MNE,2020,629048,7625.72201655034,19.3743896484375,42.70867919921875,-0.003163012404840233,0.1501799760195639
499,Montenegro,MNE,2010,631044,6630.02501829386,19.3743896484375,42.70867919921875,-0.0036016263371886474,3.1037739449216866
499,Montenegro,MNE,2000,633325,1615.59216157565,19.3743896484375,42.70867919921875,0.019121655761921468,-0.5372469765948582
499,Montenegro,MNE,1990,621442,3491.26224975778,19.3743896484375,42.70867919921875,0.0,0.0
500,Montserrat,MSR,2020,4500,13523.1184710351,-62.1873664855957,16.74249839782715,-0.08869987849331713,0.1934503933274792
500,Montserrat,MSR,2010,4938,11331.1106575038,-62.1873664855957,16.74249839782715,-0.03892565200467108,0.5539758858538533
500,Montserrat,MSR,2000,5138,7291.69014825334,-62.1873664855957,16.74249839782715,-0.5244794076816289,0.026320822587453142
500,Montserrat,MSR,1990,10805,7104.68889237801,-62.1873664855957,16.74249839782715,0.0,0.0
504,Morocco,MAR,2020,36688772,3108.17537357982,-7.092619895935059,31.79170227050781,0.13010702493295445,0.0784372574957238
504,Morocco,MAR,2010,32464865,2882.11052796657,-7.092619895935059,31.79170227050781,0.136947258875825,1.1332866169657285
504,Morocco,MAR,2000,28554416,1351.01889499777,-7.092619895935059,31.79170227050781,0.16212739227931156,0.10539856614169656
504,Morocco,MAR,1990,24570814,1222.20069428296,-7.092619895935059,31.79170227050781,0.0,0.0
508,Mozambique,MOZ,2020,31178239,448.84389134932,35.529563903808594,-18.665695190429688,0.351244400394336,-0.04886654382950411
508,Mozambique,MOZ,2010,23073723,471.90421957869,35.529563903808594,-18.665695190429688,0.298574173878209,0.47766277090252107
508,Mozambique,MOZ,2000,17768506,319.358536244682,35.529563903808594,-18.665695190429688,0.3356305303755963,0.05688032532835767
508,Mozambique,MOZ,1990,13303459,302.170954072271,35.529563903808594,-18.665695190429688,0.0,0.0
104,Myanmar,MMR,2020,53423198,1291.74896818633,95.95597076416016,21.916221618652344,0.08163857746680427,0.45746470433310865
104,Myanmar,MMR,2010,49390988,886.298628258991,95.95597076416016,21.916221618652344,0.08460248390301164,3.7626333546028783
104,Myanmar,MMR,2000,45538332,186.09423868466,95.95597076416016,21.916221618652344,0.13563191090933108,0.24612213285286955
104,Myanmar,MMR,1990,40099553,149.338683407072,95.95597076416016,21.916221618652344,0.0,0.0
516,Namibia,NAM,2020,2489098,4215.17014051901,18.49040985107422,-22.957639694213867,0.1856963679296289,-0.20835944526793465
516,Namibia,NAM,2010,2099271,5324.60106461531,18.49040985107422,-22.957639694213867,0.15399026243705133,1.4922872597213364
516,Namibia,NAM,2000,1819141,2136.43152242838,18.49040985107422,-22.957639694213867,0.32879940336491087,0.09891846246321744
516,Namibia,NAM,1990,1369011,1944.12196664672,18.49040985107422,-22.957639694213867,0.0,0.0
520,Nauru,NRU,2020,12315,12510.3662555289,166.93150329589844,-0.5227779746055601,0.20251928522605214,1.111540171019185
520,Nauru,NRU,2010,10241,5924.75882165693,166.93150329589844,-0.5227779746055601,-0.01310590729497928,1.8201774165017608
520,Nauru,NRU,2000,10377,2100.84613364722,166.93150329589844,-0.5227779746055601,0.08116274223796624,-0.5944706096907331
520,Nauru,NRU,1990,9598,5180.50277945345,166.93150329589844,-0.5227779746055601,0.0,0.0
524,Nepal,NPL,2020,29348628,1135.28795716863,84.12400817871094,28.39485740661621,0.08052042800034329,0.6699386694115173
524,Nepal,NPL,2010,27161567,679.838114994189,84.12400817871094,28.39485740661621,0.10594946534133572,1.8403140396484472
524,Nepal,NPL,2000,24559501,239.353150920711,84.12400817871094,28.39485740661621,0.2519798863509499,0.1970536441696432
524,Nepal,NPL,1990,19616530,199.951900306642,84.12400817871094,28.39485740661621,0.0,0.0
528,Netherlands,NLD,2020,17434558,53333.6575721071,5.291265964508057,52.13263320922851,0.049192708939823915,0.05103754984999231
528,Netherlands,NLD,2010,16617117,50743.8174589662,5.291265964508057,52.13263320922851,0.04515855736805807,0.9406175930934927
528,Netherlands,NLD,2000,15899135,26148.2827114211,5.291265964508057,52.13263320922851,0.06387526742193876,0.22930165058612786
528,Netherlands,NLD,1990,14944548,21270.8432458003,5.291265964508057,52.13263320922851,0.0,0.0
540,New Caledonia,NCL,2020,286403,34006.3251972146,165.6180419921875,-20.90430450439453,0.09554137690971824,-0.07842686698321115
540,New Caledonia,NCL,2010,261426,36900.3001269082,165.6180419921875,-20.90430450439453,0.18005570175636576,1.3500503095445944
540,New Caledonia,NCL,2000,221537,15701.9192214906,165.6180419921875,-20.90430450439453,0.24975742395523062,0.05738884924649084
540,New Caledonia,NCL,1990,177264,14849.7113740891,165.6180419921875,-20.90430450439453,0.0,0.0
554,New Zealand,NZL,2020,5061134,43972.1305726375,174.88597106933594,-40.90055847167969,0.1644590999459545,0.31152171491059144
554,New Zealand,NZL,2010,4346339,33527.5657831065,174.88597106933594,-40.90055847167969,0.12737720302567968,1.3764462042823482
554,New Zealand,NZL,2000,3855266,14108.2788756968,174.88597106933594,-40.90055847167969,0.13477320377501664,0.05506506355451351
554,New Zealand,NZL,1990,3397389,13371.9515156402,174.88597106933594,-40.90055847167969,0.0,0.0
558,Nicaragua,NIC,2020,6755896,1905.25519722715,-85.20722961425781,12.865415573120115,0.15372317116863574,0.26690648276228995
558,Nicaragua,NIC,2010,5855734,1503.86411558416,-85.20722961425781,12.865415573120115,0.14297855080678706,0.4969977354167685
558,Nicaragua,NIC,2000,5123223,1004.58676723748,-85.20722961425781,12.865415573120115,0.21178834482073502,0.1793572133196564
558,Nicaragua,NIC,1990,4227820,851.808727577769,-85.20722961425781,12.865415573120115,0.0,0.0
562,Niger,NER,2020,24333639,567.669696808278,8.081665992736816,17.6077880859375,0.4616954308695625,0.22468699150920163
562,Niger,NER,2010,16647544,463.52227201232,8.081665992736816,17.6077880859375,0.43233449471356183,1.2342929490623782
562,Niger,NER,2000,11622665,207.458145632531,8.081665992736816,17.6077880859375,0.38850241940647845,-0.53623301286375
562,Niger,NER,1990,8370648,447.332715322365,8.081665992736816,17.6077880859375,0.0,0.0
566,Nigeria,NGA,2020,208327405,2085.47406098868,8.675276756286621,9.081998825073242,0.2943380612561241,-0.0902838385260894
566,Nigeria,NGA,2010,160952854,2292.44477487332,8.675276756286621,9.081998825073242,0.3101363833082256,3.0364878688814088
566,Nigeria,NGA,2000,122851984,567.930549859079,8.675276756286621,9.081998825073242,0.29026878821309293,-0.12126097329095108
566,Nigeria,NGA,1990,95214257,646.301726220157,8.675276756286621,9.081998825073242,0.0,0.0
807,North Macedonia,MKD,2020,2111072,5886.46103737576,21.745275497436523,41.60863494873047,0.008235633490429968,0.29575090372052043
807,North Macedonia,MKD,2010,2093828,4542.89556771585,21.745275497436523,41.60863494873047,0.027425787659671352,1.4501218071666993
807,North Macedonia,MKD,2000,2037936,1854.150905652,21.745275497436523,41.60863494873047,-0.0030515993256934096,0.27116077962477375
807,North Macedonia,MKD,1990,2044174,1458.62815732823,21.745275497436523,41.60863494873047,0.0,0.0
578,Norway,NOR,2020,5379839,66870.7307257441,8.46894645690918,60.47202301025391,0.10022984857480181,-0.2379781489648831
578,Norway,NOR,2010,4889741,87754.3480346503,8.46894645690918,60.47202301025391,0.08873771431345105,1.3056788388175096
578,Norway,NOR,2000,4491202,38060.0916993522,8.46894645690918,60.47202301025391,0.05883720338095961,0.34945204976147143
578,Norway,NOR,1990,4241636,28204.1082571846,8.46894645690918,60.47202301025391,0.0,0.0
512,Oman,OMN,2020,4543399,12408.8981398994,55.92325592041016,21.512582778930664,0.5765208203572971,-0.33686853469073785
512,Oman,OMN,2010,2881915,18712.5762975405,55.92325592041016,21.512582778930664,0.22935270666062638,1.1755592016795573
512,Oman,OMN,2000,2344254,8601.2719318758,55.92325592041016,21.512582778930664,0.2990982663572222,0.3488099124360743
512,Oman,OMN,1990,1804524,6376.93410507424,55.92325592041016,21.512582778930664,0.0,0.0
586,Pakistan,PAK,2020,227196741,1167.21649573926,69.3451156616211,30.375320434570312,0.16837997236762298,0.2001025298110017
586,Pakistan,PAK,2010,194454498,972.59731293382,69.3451156616211,30.375320434570312,0.25966569757461305,0.8010966622710508
586,Pakistan,PAK,2000,154369924,540.002840107119,69.3451156616211,30.375320434570312,0.3375312386089495,0.1251110491358197
586,Pakistan,PAK,1990,115414070,479.955148002401,69.3451156616211,30.375320434570312,0.0,0.0
585,Palau,PLW,2020,17972,14566.9096385542,134.58251953125,7.51497983932495,-0.03063646170442287,0.423851864585493
585,Palau,PLW,2010,18540,10230.6356446672,134.58251953125,7.51497983932495,-0.06012369461624252,0.32214251210059225
585,Palau,PLW,2000,19726,7737.92200994504,134.58251953125,7.51497983932495,0.28978684451418857,0.4781138556945672
585,Palau,PLW,1990,15294,5234.99727719485,134.58251953125,7.51497983932495,0.0,0.0
591,Panama,PAN,2020,4294397,12269.0458757101,-80.7821273803711,8.537981033325195,0.18511305551523366,0.5180658066226248
591,Panama,PAN,2010,3623618,8082.02504936603,-80.7821273803711,8.537981033325195,0.20717572388207875,1.0741178220304006
591,Panama,PAN,2000,3001732,3896.6084585563,-80.7821273803711,8.537981033325195,0.22521273747248943,0.5593680930427827
591,Panama,PAN,1990,2449968,2498.8381357431,-80.7821273803711,8.537981033325195,0.0,0.0
598,Papua New Guinea,PNG,2020,9749640,2639.88317473106,143.95555114746094,-6.314992904663086,0.2856777202549455,0.35423300230835375
598,Papua New Guinea,PNG,2010,7583269,1949.35669875956,143.95555114746094,-6.314992904663086,0.37669911831204483,1.1551455289299148
598,Papua New Guinea,PNG,2000,5508298,904.512791638468,143.95555114746094,-6.314992904663086,0.4251840827866068,-0.1592879935057406
598,Papua New Guinea,PNG,1990,3864973,1075.88899010763,143.95555114746094,-6.314992904663086,0.0,0.0
600,Paraguay,PRY,2020,6618695,4949.74413017447,-58.44383239746094,-23.442502975463867,0.14736332633165025,0.1344495422050283
600,Paraguay,PRY,2010,5768613,4363.12409325289,-58.44383239746094,-23.442502975463867,0.12584246242890312,1.5288492328564065
600,Paraguay,PRY,2000,5123819,1725.3397460649,-58.44383239746094,-23.442502975463867,0.2622746628333943,0.20996619571017633
600,Paraguay,PRY,1990,4059195,1425.94045369361,-58.44383239746094,-23.442502975463867,0.0,0.0
604,Peru,PER,2020,33304756,6162.69825228308,-75.01515197753906,-9.189967155456545,0.13941989981926523,0.21257824031769476
604,Peru,PER,2010,29229572,5082.30978206277,-75.01515197753906,-9.189967155456545,0.09661178762756928,1.598939753587665
604,Peru,PER,2000,26654439,1955.53197223867,-75.01515197753906,-9.189967155456545,0.20558684910678632,0.48224801704919673
604,Peru,PER,1990,22109099,1319.30145950316,-75.01515197753906,-9.189967155456545,0.0,0.0
608,Philippines,PHL,2020,112190978,3298.83006215503,121.77401733398438,12.879720687866213,0.18549123120311675,0.4876521886663723
608,Philippines,PHL,2010,94636700,2217.47400856669,121.77401733398438,12.879720687866213,0.21394120009711867,1.066990884074916
608,Philippines,PHL,2000,77958224,1072.80299378733,121.77401733398438,12.879720687866213,0.266400577866095,0.31466175873795205
608,Philippines,PHL,1990,61558898,816.029664403716,121.77401733398438,12.879720687866213,0.0,0.0
616,Poland,POL,2020,38428367,15764.1058298611,19.1451358795166,51.91943740844727,-0.004378175881646599,0.25925736543623407
616,Poland,POL,2010,38597353,12518.5734565071,19.1451358795166,51.91943740844727,0.002413280694889375,1.802656644737986
616,Poland,POL,2000,38504431,4466.68109702658,19.1451358795166,51.91943740844727,0.011564025093884012,1.5670901362209333
616,Poland,POL,1990,38064255,1739.97828670016,19.1451358795166,51.91943740844727,0.0,0.0
620,Portugal,PRT,2020,10298192,22413.0398391619,-8.224453926086426,39.39987182617188,-0.02740819883946594,-0.0016438403079418777
620,Portugal,PRT,2010,10588401,22449.9439619576,-8.224453926086426,39.39987182617188,0.02793762243187938,0.9539208597032927
620,Portugal,PRT,2000,10300626,11489.6894879185,-8.224453926086426,39.39987182617188,0.02930647146606103,0.4443235259755671
620,Portugal,PRT,1990,10007346,7955.0663554814,-8.224453926086426,39.39987182617188,0.0,0.0
630,Puerto Rico,PRI,2020,3271565,36051.590207536,-66.47373,18.22964,-0.12005550412300205,0.3118241041756496
630,Puerto Rico,PRI,2010,3717922,27482.0306264999,-66.47373,18.22964,-0.02852989031668552,0.6115021123606753
630,Puerto Rico,PRI,2000,3827109,17053.6733496686,-66.47373,18.22964,0.0799522881807428,0.8700777947299945
630,Puerto Rico,PRI,1990,3543776,9119.23204356899,-66.47373,18.22964,0.0,0.0
634,Qatar,QAT,2020,2760385,50814.9344504966,51.1838836669922,25.354825973510746,0.6109591807197415,-0.24610495070865837
634,Qatar,QAT,2010,1713504,67403.1942486722,51.1838836669922,25.354825973510746,1.6527416760458062,1.2485632198750942
634,Qatar,QAT,2000,645937,29976.117039047,51.1838836669922,25.354825973510746,0.46247127412690325,0.9396891930012093
634,Qatar,QAT,1990,441675,15454.0826165382,51.1838836669922,25.354825973510746,0.0,0.0
410,Republic of Korea,KOR,2020,51844691,31946.9825107436,127.76692199707033,35.90775680541992,0.06210735647247717,0.38351477505588094
410,Republic of Korea,KOR,2010,48813042,23091.1755239139,127.76692199707033,35.90775680541992,0.043268047973489945,0.8987877616742018
410,Republic of Korea,KOR,2000,46788591,12161.0092449479,127.76692199707033,35.90775680541992,0.060483899390932086,0.8418990023356856
410,Republic of Korea,KOR,1990,44120039,6602.43000812026,127.76692199707033,35.90775680541992,0.0,0.0
498,Republic of Moldova,MDA,2020,3084847,2953.51088411219,28.3698844909668,47.4116325378418,-0.1613129406723858,0.7302243973610735
498,Republic of Moldova,MDA,2010,3678186,1707.01030953954,28.3698844909668,47.4116325378418,-0.13486467244005926,3.6396195348124043
498,Republic of Moldova,MDA,2000,4251573,367.920321209821,28.3698844909668,47.4116325378418,-0.051030322537012306,-0.6629584161965563
498,Republic of Moldova,MDA,1990,4480199,1091.61699591462,28.3698844909668,47.4116325378418,0.0,0.0
642,Romania,ROU,2020,19442039,12928.5806563067,24.966760635375977,45.9431610107422,-0.04392243581834484,0.5914447178007901
642,Romania,ROU,2010,20335211,8123.80129306197,24.966760635375977,45.9431610107422,-0.07229356259617697,3.8274348390464623
642,Romania,ROU,2000,21919877,1682.84017577058,24.966760635375977,45.9431610107422,-0.0401273257227965,-0.02028773192452197
642,Romania,ROU,1990,22836234,1717.68817295338,24.966760635375977,45.9431610107422,0.0,0.0
643,Russian Federation,RUS,2020,145617329,10165.5059670489,105.31875610351564,61.52400970458984,0.016578378335623468,-0.05280119866115246
643,Russian Federation,RUS,2010,143242599,10732.1778202001,105.31875610351564,61.52400970458984,-0.024530926824060873,5.007036722804106
643,Russian Federation,RUS,2000,146844839,1786.60100069944,105.31875610351564,61.52400970458984,-0.007843380144322004,-0.5408506640918243
643,Russian Federation,RUS,1990,148005704,3891.11093271131,105.31875610351564,61.52400970458984,0.0,0.0
646,Rwanda,RWA,2020,13146362,797.705403470109,29.87388801574707,-1.940278053283691,0.27522771053845896,0.3084801002642215
646,Rwanda,RWA,2010,10309031,609.642747573332,29.87388801574707,-1.940278053283691,0.2711522789981589,1.338521104512171
646,Rwanda,RWA,2000,8109989,260.69585020936,29.87388801574707,-1.940278053283691,0.10792759471598422,-0.21964834942224812
646,Rwanda,RWA,1990,7319963,334.07483666671,29.87388801574707,-1.940278053283691,0.0,0.0
659,Saint Kitts and Nevis,KNA,2020,47643,17433.633185809,-62.782997131347656,17.35782241821289,0.005062970698057085,0.12412558755647281
659,Saint Kitts and Nevis,KNA,2010,47403,15508.616989766,-62.782997131347656,17.35782241821289,0.04271793405336442,0.622522788066849
659,Saint Kitts and Nevis,KNA,2000,45461,9558.33539216032,-62.782997131347656,17.35782241821289,0.11873708042130131,0.7711973513348995
659,Saint Kitts and Nevis,KNA,1990,40636,5396.53889215478,-62.782997131347656,17.35782241821289,0.0,0.0
662,Saint Lucia,LCA,2020,179237,8804.66420555841,-60.96665,13.9066,0.04856816918711791,0.03102501151156923
662,Saint Lucia,LCA,2010,170935,8539.71931548977,-60.96665,13.9066,0.07169278996865204,0.4296319169769127
662,Saint Lucia,LCA,2000,159500,5973.36923866934,-60.96665,13.9066,0.12086352168993893,0.4814572343875862
662,Saint Lucia,LCA,1990,142301,4032.0902284693,-60.96665,13.9066,0.0,0.0
670,Saint Vincent and the Grenadines,VCT,2020,104633,7298.37282748766,-61.19134,13.24775,-0.04276905624473964,0.15979929766441026
670,Saint Vincent and the Grenadines,VCT,2010,109308,6292.78948709922,-61.19134,13.24775,-0.03958247300396264,0.7116462689471592
670,Saint Vincent and the Grenadines,VCT,2000,113813,3676.45441775183,-61.19134,13.24775,0.011779034208093307,0.6868805108797977
670,Saint Vincent and the Grenadines,VCT,1990,112488,2179.43973745619,-61.19134,13.24775,0.0,0.0
882,Samoa,WSM,2020,214930,3889.99736172226,-172.10462951660156,-13.759029388427734,0.10406221747349388,0.045096451046463946
882,Samoa,WSM,2010,194672,3722.14196864526,-172.10462951660156,-13.759029388427734,0.057954001999913046,1.7326764790958755
882,Samoa,WSM,2000,184008,1362.08658328876,-172.10462951660156,-13.759029388427734,0.09407441760907567,0.9240123936857103
882,Samoa,WSM,1990,168186,707.940649321648,-172.10462951660156,-13.759029388427734,0.0,0.0
674,San Marino,SMR,2020,34007,45832.1990481227,12.45777702331543,43.942359924316406,0.07589850670716275,-0.33097349522919967
674,San Marino,SMR,2010,31608,68505.8046598979,12.45777702331543,43.942359924316406,0.1783916787831339,0.6491458130075505
674,San Marino,SMR,2000,26823,41540.1743857711,12.45777702331543,43.942359924316406,0.15956251080753933,0.2043897166536201
674,San Marino,SMR,1990,23132,34490.6418673101,12.45777702331543,43.942359924316406,0.0,0.0
678,Sao Tome and Principe,STP,2020,218641,2174.0479183198,6.613080978393555,0.186360001564025,0.2004073811759151,0.985956967309885
678,Sao Tome and Principe,STP,2010,182139,1094.71048673562,6.613080978393555,0.186360001564025,0.2673713069012066,1.1491033113358162
678,Sao Tome and Principe,STP,2000,143714,509.380112608538,6.613080978393555,0.186360001564025,0.19420323575114465,-0.46477940645950877
678,Sao Tome and Principe,STP,1990,120343,951.719942685654,6.613080978393555,0.186360001564025,0.0,0.0
682,Saudi Arabia,SAU,2020,35997107,20110.3153185196,45.07916259765625,23.885942459106445,0.2238948013236398,0.04401092737254407
682,Saudi Arabia,SAU,2010,29411929,19262.5525186131,45.07916259765625,23.885942459106445,0.36498801014879295,1.1003007732576695
682,Saudi Arabia,SAU,2000,21547390,9171.33048936412,45.07916259765625,23.885942459106445,0.34631109501590246,0.26739748591125784
682,Saudi Arabia,SAU,1990,16004763,7236.34896811393,45.07916259765625,23.885942459106445,0.0,0.0
686,Senegal,SEN,2020,16436120,1457.9907269663,-14.452362060546877,14.497401237487791,0.31172864877133677,0.1052346159990688
686,Senegal,SEN,2010,12530122,1319.16853296199,-14.452362060546877,14.497401237487791,0.2911944999153467,1.134587751143951
686,Senegal,SEN,2000,9704287,617.996862511289,-14.452362060546877,14.497401237487791,0.2877236879347548,-0.4206495415770769
686,Senegal,SEN,1990,7536001,1066.70643567551,-14.452362060546877,14.497401237487791,0.0,0.0
688,Serbia,SRB,2020,7358005,7655.69588486091,21.005859375,44.01652145385742,-0.03864041007877316,0.33480987952910946
688,Serbia,SRB,2010,7653749,5735.42045370661,21.005859375,44.01652145385742,-0.03544703467740858,3.3693137759464613
688,Serbia,SRB,2000,7935022,1312.65932084821,21.005859375,44.01652145385742,-0.0065736224557056385,-0.6917534261463826
688,Serbia,SRB,1990,7987529,4258.47173072417,21.005859375,44.01652145385742,0.0,0.0
690,Seychelles,SYC,2020,105530,10766.7866890465,55.49197769165039,-4.679574012756348,0.1419883344695863,0.013047019434053564
690,Seychelles,SYC,2010,92409,10628.1213828174,55.49197769165039,-4.679574012756348,0.15424681488883338,0.15262308165747054
690,Seychelles,SYC,2000,80060,9220.81255524935,55.49197769165039,-4.679574012756348,0.1267010991176098,0.46108901779838707
690,Seychelles,SYC,1990,71057,6310.91770790499,55.49197769165039,-4.679574012756348,0.0,0.0
694,Sierra Leone,SLE,2020,8233970,474.692062219045,-11.779889106750488,8.460555076599121,0.2792226697601783,0.18131089568863595
694,Sierra Leone,SLE,2010,6436698,401.8349986879,-11.779889106750488,8.460555076599121,0.40414570729441784,1.1405216334455974
694,Sierra Leone,SLE,2000,4584067,187.727604528372,-11.779889106750488,8.460555076599121,0.059804808262287686,-0.07774083408354455
694,Sierra Leone,SLE,1990,4325388,203.55189893052,-11.779889106750488,8.460555076599121,0.0,0.0
702,Singapore,SGP,2020,5909870,58114.2453472612,103.81983947753906,1.352082967758178,0.14452735403081965,0.2434709666066234
702,Singapore,SGP,2010,5163590,46735.5064234852,103.81983947753906,1.352082967758178,0.2738272593542091,0.9598058282709793
702,Singapore,SGP,2000,4053603,23847.0085910078,103.81983947753906,1.352082967758178,0.3412715665925156,0.8474490091706732
702,Singapore,SGP,1990,3022209,12908.0740375686,103.81983947753906,1.352082967758178,0.0,0.0
534,Sint Maarten (Dutch part),SXM,2020,43622,20000.0927189802,-63.05482864379884,18.04248046875,0.32051825392020344,-0.23773650706494395
534,Sint Maarten (Dutch part),SXM,2010,33034,26237.7680478582,-63.05482864379884,18.04248046875,0.0,0.0
703,Slovakia,SVK,2020,5456681,19263.6375226744,19.699024200439453,48.66902542114258,0.011166098142028869,0.14764958964199465
703,Slovakia,SVK,2010,5396424,16785.2955262099,19.699024200439453,48.66902542114258,0.0036702878536794942,3.374032374463108
703,Slovakia,SVK,2000,5376690,3837.48772053161,19.699024200439453,48.66902542114258,0.021930870763052134,0.20462728231400107
703,Slovakia,SVK,1990,5261305,3185.62245507181,19.699024200439453,48.66902542114258,0.0,0.0
705,Slovenia,SVN,2020,2117641,25777.3967192431,14.995463371276855,46.15124130249024,0.02933619405741928,0.09365741206689755
705,Slovenia,SVN,2010,2057288,23569.9008069872,14.995463371276855,46.15124130249024,0.03676236772043487,1.3088955579536605
705,Slovenia,SVN,2000,1984339,10208.300988667,14.995463371276855,46.15124130249024,-0.0008484288205983413,0.12638956953437894
705,Slovenia,SVN,1990,1986024,9062.85113496466,14.995463371276855,46.15124130249024,0.0,0.0
90,Solomon Islands,SLB,2020,691191,2250.56375686668,160.15618896484375,-9.645709991455078,0.2790501004822407,0.31625660164530767
90,Solomon Islands,SLB,2010,540394,1709.82143911263,160.15618896484375,-9.645709991455078,0.25679161075308327,0.7203062095759416
90,Solomon Islands,SLB,2000,429979,993.905288253365,160.15618896484375,-9.645709991455078,0.3263956368706639,0.4893311802339398
90,Solomon Islands,SLB,1990,324171,667.350084013715,160.15618896484375,-9.645709991455078,0.0,0.0
706,Somalia,SOM,2020,16537016,117.858870889433,46.199615478515625,5.152149200439453,0.3750309520938915,0.29895561164931783
706,Somalia,SOM,2010,12026650,90.7335630505376,46.199615478515625,5.152149200439453,0.3789713081460512,-0.6077036061116188
706,Somalia,SOM,2000,8721465,231.288292383217,46.199615478515625,5.152149200439453,0.24608449434041196,0.6810421088106229
706,Somalia,SOM,1990,6999096,137.586257459582,46.199615478515625,5.152149200439453,0.0,0.0
710,South Africa,ZAF,2020,58801927,5094.38403793128,22.9375057220459,-30.55948257446289,0.1355028593071937,-0.3048619852208465
710,South Africa,ZAF,2010,51784922,7328.59364560831,22.9375057220459,-30.55948257446289,0.10620186166886968,1.3805272683309988
710,South Africa,ZAF,2000,46813266,3078.55899955577,22.9375057220459,-30.55948257446289,0.17392474014840925,-0.029192994055113258
710,South Africa,ZAF,1990,39877570,3171.13389242531,22.9375057220459,-30.55948257446289,0.0,0.0
728,South Sudan,SSD,2020,10606227,1420.71043393456,31.306978225708008,6.876991748809815,0.09180239273162989,-0.0948984428457539
728,South Sudan,SSD,2010,9714420,1569.66963840108,31.306978225708008,6.876991748809815,0.0,0.0
724,Spain,ESP,2020,47363807,27408.6349002359,-3.74921989440918,40.4636688232422,0.016984902316209517,-0.09460469761711746
724,Spain,ESP,2010,46572773,30272.5614194153,-3.74921989440918,40.4636688232422,0.14312431415397686,1.070559727367133
724,Spain,ESP,2000,40741652,14620.4724352043,-3.74921989440918,40.4636688232422,0.047615538321541626,0.06827540855011498
724,Spain,ESP,1990,38889889,13686.0516662529,-3.74921989440918,40.4636688232422,0.0,0.0
144,Sri Lanka,LKA,2020,21715080,3767.60665468822,80.77179718017578,7.873054027557373,0.05063352750588599,0.3457424297089626
144,Sri Lanka,LKA,2010,20668558,2799.64915388974,80.77179718017578,7.873054027557373,0.10077490479922878,1.7478180037223892
144,Sri Lanka,LKA,2000,18776371,1018.86265760583,80.77179718017578,7.873054027557373,0.09138970061428402,0.8800242038619795
144,Sri Lanka,LKA,1990,17204094,541.941244965285,80.77179718017578,7.873054027557373,0.0,0.0
275,State of Palestine,PSE,2020,5019402,3050.38955865962,35.233154296875,31.95216178894043,0.25727767455072015,0.27782414462390015
275,State of Palestine,PSE,2010,3992278,2387.17477009126,35.233154296875,31.95216178894043,0.27144474091021714,0.7841845837116395
275,State of Palestine,PSE,2000,3139954,1337.96401554217,35.233154296875,31.95216178894043,0.4778973448761631,0.4524204055629613
275,State of Palestine,PSE,1990,2124609,921.196101636683,35.233154296875,31.95216178894043,0.0,0.0
729,Sudan,SDN,2020,44440486,1415.24344818513,30.21763610839844,12.862807273864746,0.31714802160395517,-0.10686878154872553
729,Sudan,SDN,2010,33739933,1584.58624997928,30.21763610839844,12.862807273864746,0.0,0.0
740,Suriname,SUR,2020,607065,7022.76722280103,-56.02778244018555,3.919305086135864,0.11167777615001465,-0.1708817324035259
740,Suriname,SUR,2010,546080,8470.16342211261,-56.02778244018555,3.919305086135864,0.1400441337038282,2.4487316557585075
740,Suriname,SUR,2000,478999,2456.02275490747,-56.02778244018555,3.919305086135864,0.16048949015883476,0.32365466862513576
740,Suriname,SUR,1990,412756,1855.48603659481,-56.02778244018555,3.919305086135864,0.0,0.0
752,Sweden,SWE,2020,10368970,53574.5526372181,18.64350128173828,60.1281623840332,0.10523005884842135,0.014645637379478077
752,Sweden,SWE,2010,9381730,52801.2447533751,18.64350128173828,60.1281623840332,0.057567745126729165,0.7842490436653181
752,Sweden,SWE,2000,8871044,29592.9791532394,18.64350128173828,60.1281623840332,0.03774247502984767,-0.03174461541982361
752,Sweden,SWE,1990,8548406,30563.1960581046,18.64350128173828,60.1281623840332,0.0,0.0
756,Switzerland,CHE,2020,8638613,86918.6482933755,8.22751235961914,46.81818771362305,0.10433795815012101,0.12476082057403533
756,Switzerland,CHE,2010,7822436,77277.4501951584,8.22751235961914,46.81818771362305,0.08916342792505604,0.9727817883087075
756,Switzerland,CHE,2000,7182059,39171.8185220117,8.22751235961914,46.81818771362305,0.0700815725629882,-0.020263918236373718
756,Switzerland,CHE,1990,6711693,39982.0107181297,8.22751235961914,46.81818771362305,0.0,0.0
760,Syrian Arab Republic,SYR,2020,20772596,889.81524691967,38.9968147277832,34.80207443237305,-0.0700598807488534,-0.685625257896295
760,Syrian Arab Republic,SYR,2010,22337563,2830.4285546774,38.9968147277832,34.80207443237305,0.36975943934056976,1.3619648274926048
760,Syrian Arab Republic,SYR,2000,16307654,1198.33645350346,38.9968147277832,34.80207443237305,0.31417986481905025,0.33657999295491015
760,Syrian Arab Republic,SYR,1990,12408997,896.569198865665,38.9968147277832,34.80207443237305,0.0,0.0
762,Tajikistan,TJK,2020,9543207,838.451015762254,71.27609252929688,38.86103439331055,0.252096885504436,0.11860234538060958
762,Tajikistan,TJK,2010,7621780,749.552349165661,71.27609252929688,38.86103439331055,0.2150137438249233,4.413671413408899
762,Tajikistan,TJK,2000,6272999,138.455456921365,71.27609252929688,38.86103439331055,0.15783682896257398,-0.7423095464003918
762,Tajikistan,TJK,1990,5417861,537.293698650137,71.27609252929688,38.86103439331055,0.0,0.0
764,Thailand,THA,2020,71475665,7189.0479887291,100.99253845214844,15.87003231048584,0.046948176291103226,0.41618781871367505
764,Thailand,THA,2010,68270490,5076.33796430965,100.99253845214844,15.87003231048584,0.0825141477811957,1.528390421804397
764,Thailand,THA,2000,63066603,2007.73500822191,100.99253845214844,15.87003231048584,0.14192320582830467,0.28366932259350597
764,Thailand,THA,1990,55228410,1564.05935148899,100.99253845214844,15.87003231048584,0.0,0.0
626,Timor-Leste,TLS,2020,1299995,1442.72746682645,125.7275390625,-8.87421703338623,0.19431375845554424,0.7890745524827337
626,Timor-Leste,TLS,2010,1088487,806.409920047406,125.7275390625,-8.87421703338623,0.2392265130470422,0.9427656382920785
626,Timor-Leste,TLS,2000,878360,415.083479012083,125.7275390625,-8.87421703338623,0.1586242557109428,0.5087246852695066
626,Timor-Leste,TLS,1990,758106,275.12208361457,125.7275390625,-8.87421703338623,0.0,0.0
768,Togo,TGO,2020,8442580,863.144729894068,0.8247820138931271,8.619543075561523,0.2846570717095858,0.6178641860624227
768,Togo,TGO,2010,6571855,533.508768739606,0.8247820138931271,8.619543075561523,0.3122619326218901,0.765378759855446
768,Togo,TGO,2000,5008036,302.206405147466,0.8247820138931271,8.619543075561523,0.2920806192654337,-0.4455137856047695
768,Togo,TGO,1990,3875947,545.020592580607,0.8247820138931271,8.619543075561523,0.0,0.0
776,Tonga,TON,2020,105254,4646.10630841556,-175.1982421875,-21.178985595703125,-0.019835357222677492,0.3013609075192003
776,Tonga,TON,2010,107384,3570.19046873975,-175.1982421875,-21.178985595703125,0.046597078058146446,0.8318936149822151
776,Tonga,TON,2000,102603,1948.90709784717,-175.1982421875,-21.178985595703125,0.039259776960709834,0.14316095890076994
776,Tonga,TON,1990,98727,1704.84049745819,-175.1982421875,-21.178985595703125,0.0,0.0
780,Trinidad and Tobago,TTO,2020,1518147,15285.9732543298,-61.222503662109375,10.691802978515623,0.0764740168021465,-0.0854258550502202
780,Trinidad and Tobago,TTO,2010,1410296,16713.7605395232,-61.222503662109375,10.691802978515623,0.05861944463418863,1.5884173388593774
780,Trinidad and Tobago,TTO,2000,1332203,6457.13513373711,-61.222503662109375,10.691802978515623,0.05186183547187211,0.5505391880269563
780,Trinidad and Tobago,TTO,1990,1266519,4164.44497733317,-61.222503662109375,10.691802978515623,0.0,0.0
788,Tunisia,TUN,2020,12161723,3318.33335631969,9.53749942779541,33.88691711425781,0.11625999776228921,-0.19885265553866385
788,Tunisia,TUN,2010,10895063,4141.97635336459,9.53749942779541,33.88691711425781,0.10125492807467183,0.8726203541456916
788,Tunisia,TUN,2000,9893316,2211.86122654007,9.53749942779541,33.88691711425781,0.1721905056194153,0.34851445468073805
788,Tunisia,TUN,1990,8440024,1640.22062860552,9.53749942779541,33.88691711425781,0.0,0.0
795,Turkmenistan,TKM,2020,6250438,7103.92192645861,59.556278228759766,38.96971893310547,0.18649840450875765,0.6002706151068342
795,Turkmenistan,TKM,2010,5267970,4439.20038235805,59.556278228759766,38.96971893310547,0.15294764957545548,3.064632742123184
795,Turkmenistan,TKM,2000,4569132,1092.15288661952,59.556278228759766,38.96971893310547,0.22816917763425806,0.31032905233767705
795,Turkmenistan,TKM,1990,3720279,833.495132135762,59.556278228759766,38.96971893310547,0.0,0.0
796,Turks and Caicos Islands,TCA,2020,44277,23880.5434305344,-71.79792785644531,21.69402503967285,0.48950413779183205,0.135632479992215
796,Turks and Caicos Islands,TCA,2010,29726,21028.4082669933,-71.79792785644531,21.69402503967285,0.5858095492131234,0.3273616293262612
796,Turks and Caicos Islands,TCA,2000,18745,15842.2601666336,-71.79792785644531,21.69402503967285,0.6009052865317277,0.8115786769141733
796,Turks and Caicos Islands,TCA,1990,11709,8745.00255965651,-71.79792785644531,21.69402503967285,0.0,0.0
798,Tuvalu,TUV,2020,11069,4648.34210392431,178.67991638183594,-7.478420734405517,0.049194312796208534,0.5590365576017746
798,Tuvalu,TUV,2010,10550,2981.54785483333,178.67991638183594,-7.478420734405517,0.09462544096285537,1.0246093586295246
798,Tuvalu,TUV,2000,9638,1472.65339959288,178.67991638183594,-7.478420734405517,0.04954807797016226,0.37600998637761496
798,Tuvalu,TUV,1990,9183,1070.23452894385,178.67991638183594,-7.478420734405517,0.0,0.0
792,Türkiye,TUR,2020,84135428,8538.1319256995,35.24332046508789,38.9637451171875,0.1494641906531078,-0.20519532797968396
792,Türkiye,TUR,2010,73195345,10742.4279527653,35.24332046508789,38.9637451171875,0.141651779147393,1.4767262173615303
792,Türkiye,TUR,2000,64113547,4337.34979565455,35.24332046508789,38.9637451171875,0.18020358241461043,0.12673794447578998
792,Türkiye,TUR,1990,54324142,3849.4752190781,35.24332046508789,38.9637451171875,0.0,0.0
800,Uganda,UGA,2020,44404611,846.116480744515,32.29027557373047,1.373332977294922,0.37298201877153875,-0.1062802544969557
800,Uganda,UGA,2010,32341728,946.735802808368,32.29027557373047,1.373332977294922,0.3464108328575631,2.303035667485298
800,Uganda,UGA,2000,24020698,286.625970203085,32.29027557373047,1.373332977294922,0.36584996670766373,0.15199838327348103
800,Uganda,UGA,1990,17586630,248.807614979995,32.29027557373047,1.373332977294922,0.0,0.0
804,Ukraine,UKR,2020,43909667,3557.47735564211,31.16558074951172,48.379432678222656,-0.038818646402974236,0.19771599530530143
804,Ukraine,UKR,2010,45683020,2970.21778918073,31.16558074951172,48.379432678222656,-0.06539999913256522,3.480596826629773
804,Ukraine,UKR,2000,48879756,662.906729640943,31.16558074951172,48.379432678222656,-0.052530928729597935,-0.6350148370505737
804,Ukraine,UKR,1990,51589817,1816.25665077459,31.16558074951172,48.379432678222656,0.0,0.0
784,United Arab Emirates,ARE,2020,9287289,36284.547905631,53.84781646728515,23.424076080322266,0.09497049613812965,0.07055169687093689
784,United Arab Emirates,ARE,2010,8481771,33893.3168866906,53.84781646728515,23.424076080322266,1.5895904324842696,0.004945784999576343
784,United Arab Emirates,ARE,2000,3275333,33726.5128055688,53.84781646728515,23.424076080322266,0.7237215759581339,0.20058185355350855
784,United Arab Emirates,ARE,1990,1900152,28091.8062402362,53.84781646728515,23.424076080322266,0.0,0.0
826,United Kingdom,GBR,2020,67059474,40718.2218139912,-3.435972929000854,55.3780517578125,0.06850593257279525,0.03727673265309114
826,United Kingdom,GBR,2010,62760039,39254.9264166413,-3.435972929000854,55.3780517578125,0.06643996731761152,0.3916731456770429
826,United Kingdom,GBR,2000,58850044,28207.0014346249,-3.435972929000854,55.3780517578125,0.02865912085316312,0.4741763971039682
826,United Kingdom,GBR,1990,57210443,19134.0747891757,-3.435972929000854,55.3780517578125,0.0,0.0
840,United States of America,USA,2020,335942004,63122.5941450239,-95.712890625,37.090240478515625,0.07956466559073974,0.29614225575439485
840,United States of America,USA,2010,311182845,48700.3597520124,-95.712890625,37.090240478515625,0.10192789797358523,0.33835595117081935
840,United States of America,USA,2000,282398554,36388.1968092333,-95.712890625,37.090240478515625,0.13831951705724904,0.5384843001437992
840,United States of America,USA,1990,248083732,23651.9779927765,-95.712890625,37.090240478515625,0.0,0.0
858,Uruguay,URY,2020,3429087,15438.4013948404,-55.76583480834961,-32.52277755737305,0.022798674839701476,0.2873875292301868
858,Uruguay,URY,2010,3352651,11992.038950441,-55.76583480834961,-32.52277755737305,0.01835415258677642,0.7442916416798182
858,Uruguay,URY,2000,3292225,6875.0194427878,-55.76583480834961,-32.52277755737305,0.05621150761963457,1.3138432751775568
858,Uruguay,URY,1990,3117013,2971.25545041949,-55.76583480834961,-32.52277755737305,0.0,0.0
860,Uzbekistan,UZB,2020,33526656,1724.1877480419,64.58525848388672,41.37749099731445,0.17167785102145167,0.048129952521831804
860,Uzbekistan,UZB,2010,28614227,1645.01333436131,64.58525848388672,41.37749099731445,0.14798755734827168,1.466463631163797
860,Uzbekistan,UZB,2000,24925555,666.952195676655,64.58525848388672,41.37749099731445,0.2112072442429455,-0.23006169231994736
860,Uzbekistan,UZB,1990,20579100,866.241085842694,64.58525848388672,41.37749099731445,0.0,0.0
548,Vanuatu,VUT,2020,311685,2783.02964417111,166.9591522216797,-15.376706123352053,0.26983577304005246,-0.06196001604792398
548,Vanuatu,VUT,2010,245453,2966.85609545754,166.9591522216797,-15.376706123352053,0.27790851442673137,1.0710816645060264
548,Vanuatu,VUT,2000,192074,1432.51526306432,166.9591522216797,-15.376706123352053,0.27299960896853853,0.2244182363675417
548,Vanuatu,VUT,1990,150883,1169.9558374058,166.9591522216797,-15.376706123352053,0.0,0.0
862,Venezuela (Bolivarian Republic of),VEN,2020,28490454,3740.28736114037,-66.58972930908203,6.423749923706055,-0.007820575585837963,-0.7298831491368281
862,Venezuela (Bolivarian Republic of),VEN,2010,28715022,13846.9234673368,-66.58972930908203,6.423749923706055,0.1755092747262752,1.8595904429292522
862,Venezuela (Bolivarian Republic of),VEN,2000,24427729,4842.27505430902,-66.58972930908203,6.423749923706055,0.23681077906627446,1.021145723425328
862,Venezuela (Bolivarian Republic of),VEN,1990,19750579,2395.80699114688,-66.58972930908203,6.423749923706055,0.0,0.0
704,Viet Nam,VNM,2020,96648685,2785.724225314,108.27719879150392,14.058323860168455,0.10568088377697767,1.11377484283444
704,Viet Nam,VNM,2010,87411012,1317.89070853853,108.27719879150392,14.058323860168455,0.106452511787741,2.3783866273010426
704,Viet Nam,VNM,2000,79001142,390.094697240552,108.27719879150392,14.058323860168455,0.18066143971989257,3.09813658682754
704,Viet Nam,VNM,1990,66912613,95.1883103394885,108.27719879150392,14.058323860168455,0.0,0.0
887,Yemen,YEM,2020,32284046,937.382745095333,48.516387939453125,15.552726745605469,0.3047250426427539,-0.2977275104855254
887,Yemen,YEM,2010,24743946,1334.78494329659,48.516387939453125,15.552726745605469,0.3282700710049509,1.1388221076837297
887,Yemen,YEM,2000,18628701,624.07478326569,48.516387939453125,15.552726745605469,0.3927874745955569,0.8139746969314834
887,Yemen,YEM,1990,13375121,344.037204224168,48.516387939453125,15.552726745605469,0.0,0.0
894,Zambia,ZMB,2020,18927715,985.132787628238,27.84933280944824,-13.133896827697754,0.3723604701739483,-0.3385918551267325
894,Zambia,ZMB,2010,13792087,1489.44762060195,27.84933280944824,-13.133896827697754,0.39438857174747166,3.308690809423999
894,Zambia,ZMB,2000,9891136,345.684498257387,27.84933280944824,-13.133896827697754,0.28683580260774844,-0.2678915619286098
894,Zambia,ZMB,1990,7686401,472.176634335798,27.84933280944824,-13.133896827697754,0.0,0.0
716,Zimbabwe,ZWE,2020,15669666,1465.8450542437,29.154857635498047,-19.015438079833984,0.2204007376767078,0.5457089732363186
716,Zimbabwe,ZWE,2010,12839771,948.331852647912,29.154857635498047,-19.015438079833984,0.08492787762606449,0.2920776661949361
716,Zimbabwe,ZWE,2000,11834677,733.958861343585,29.154857635498047,-19.015438079833984,0.1701406174655002,-0.43533232511972947
716,Zimbabwe,ZWE,1990,10113893,1299.80676067425,29.154857635498047,-19.015438079833984,0.0,0.0
