"locationid","location","iso3","time","population","gdp","longitude","latitude"
4,"Afghanistan","AFG",1990,10694796,286.772753005433,67.70995330810547,33.939109802246094
4,"Afghanistan","AFG",2000,19542983,160.829727001827,67.70995330810547,33.939109802246094
4,"Afghanistan","AFG",2010,28189672,503.636605605884,67.70995330810547,33.939109802246094
4,"Afghanistan","AFG",2020,38972231,508.453721937094,67.70995330810547,33.939109802246094
8,"Albania","ALB",1990,3295066,652.983427174762,20.16833114624023,41.1533317565918
8,"Albania","ALB",2000,3182021,1114.51437361059,20.16833114624023,41.1533317565918
8,"Albania","ALB",2010,2913400,4045.74465139427,20.16833114624023,41.1533317565918
8,"Albania","ALB",2020,2866849,5180.91419760391,20.16833114624023,41.1533317565918
12,"Algeria","DZA",1990,25518074,2397.28599717706,1.659626007080078,28.033885955810547
12,"Algeria","DZA",2000,30774621,1761.04899845694,1.659626007080078,28.033885955810547
12,"Algeria","DZA",2010,35856344,4480.78682343691,1.659626007080078,28.033885955810547
12,"Algeria","DZA",2020,43451666,3367.96300289719,1.659626007080078,28.033885955810547
20,"Andorra","AND",1990,53570,23886.0772402792,1.521800994873046,42.50628662109375
20,"Andorra","AND",2000,66098,21854.1774276659,1.521800994873046,42.50628662109375
20,"Andorra","AND",2010,71520,40812.3909264586,1.521800994873046,42.50628662109375
20,"Andorra","AND",2020,77700,37072.4053843701,1.521800994873046,42.50628662109375
24,"Angola","AGO",1990,11828638,1153.05598161269,17.873886108398438,-11.202692031860352
24,"Angola","AGO",2000,16394062,744.556413409248,17.873886108398438,-11.202692031860352
24,"Angola","AGO",2010,23364186,3587.88304121492,17.873886108398438,-11.202692031860352
24,"Angola","AGO",2020,33428486,1895.77070283724,17.873886108398438,-11.202692031860352
28,"Antigua and Barbuda","ATG",1990,63328,7348.23391713105,-61.78918,17.07867
28,"Antigua and Barbuda","ATG",2000,75055,10311.4743874584,-61.78918,17.07867
28,"Antigua and Barbuda","ATG",2010,85695,13049.2570545735,-61.78918,17.07867
28,"Antigua and Barbuda","ATG",2020,92664,13993.3201794346,-61.78918,17.07867
31,"Azerbaijan","AZE",1990,7427836,899.932799579226,47.576927185058594,40.143104553222656
31,"Azerbaijan","AZE",2000,8190337,649.117975821853,47.576927185058594,40.143104553222656
31,"Azerbaijan","AZE",2010,9237203,5857.31827446742,47.576927185058594,40.143104553222656
31,"Azerbaijan","AZE",2020,10284951,4202.23223942024,47.576927185058594,40.143104553222656
32,"Argentina","ARG",1990,32637657,4696.26175534898,-63.61667251586914,-38.41609573364258
32,"Argentina","ARG",2000,37070774,8357.51711691788,-63.61667251586914,-38.41609573364258
32,"Argentina","ARG",2010,41100123,10428.6487964443,-63.61667251586914,-38.41609573364258
32,"Argentina","ARG",2020,45036032,8475.72958198985,-63.61667251586914,-38.41609573364258
36,"Australia","AUS",1990,17048003,19076.5283530026,133.77513122558594,-25.274398803710938
36,"Australia","AUS",2000,19017963,21524.1804589722,133.77513122558594,-25.274398803710938
36,"Australia","AUS",2010,22019169,58654.1143949232,133.77513122558594,-25.274398803710938
36,"Australia","AUS",2020,25670051,55822.7128453068,133.77513122558594,-25.274398803710938
40,"Austria","AUT",1990,7678729,21552.1640354105,14.550071716308594,47.516231536865234
40,"Austria","AUT",2000,8010429,24388.7590147217,14.550071716308594,47.516231536865234
40,"Austria","AUT",2010,8362829,46598.7066681011,14.550071716308594,47.516231536865234
40,"Austria","AUT",2020,8907777,48105.6319825656,14.550071716308594,47.516231536865234
44,"Bahamas","BHS",1990,270679,18607.0012723292,-77.39627838134764,25.03428077697754
44,"Bahamas","BHS",2000,325014,27097.7114654874,-77.39627838134764,25.03428077697754
44,"Bahamas","BHS",2010,373272,28443.5203498036,-77.39627838134764,25.03428077697754
44,"Bahamas","BHS",2020,406472,25194.289197038,-77.39627838134764,25.03428077697754
48,"Bahrain","BHR",1990,517419,9898.81714305915,50.55770111083984,26.066699981689453
48,"Bahrain","BHR",2000,711442,13636.4082771567,50.55770111083984,26.066699981689453
48,"Bahrain","BHR",2010,1213645,20722.1372891347,50.55770111083984,26.066699981689453
48,"Bahrain","BHR",2020,1477469,19925.0015989567,50.55770111083984,26.066699981689453
50,"Bangladesh","BGD",1990,107147651,272.715304440188,90.35633087158205,23.684993743896484
50,"Bangladesh","BGD",2000,129193327,356.183224446251,90.35633087158205,23.684993743896484
50,"Bangladesh","BGD",2010,148391140,775.927250886881,90.35633087158205,23.684993743896484
50,"Bangladesh","BGD",2020,167420951,2000.64015719419,90.35633087158205,23.684993743896484
51,"Armenia","ARM",1990,3556540,650.539689505731,45.03818893432618,40.06909942626953
51,"Armenia","ARM",2000,3168524,664.106326485467,45.03818893432618,40.06909942626953
51,"Armenia","ARM",2010,2946293,3432.1456116214,45.03818893432618,40.06909942626953
51,"Armenia","ARM",2020,2805609,4266.00547864783,45.03818893432618,40.06909942626953
52,"Barbados","BRB",1990,258868,7874.34635312874,-59.55643,13.16705
52,"Barbados","BRB",2000,264657,11609.3249802037,-59.55643,13.16705
52,"Barbados","BRB",2010,274711,16056.1228649103,-59.55643,13.16705
52,"Barbados","BRB",2020,280693,15449.2370021749,-59.55643,13.16705
56,"Belgium","BEL",1990,9959561,20519.5357198245,4.469935894012451,50.50388717651367
56,"Belgium","BEL",2000,10264343,22972.5338891059,4.469935894012451,50.50388717651367
56,"Belgium","BEL",2010,10877947,43967.7397452332,4.469935894012451,50.50388717651367
56,"Belgium","BEL",2020,11561717,45028.3234050509,4.469935894012451,50.50388717651367
60,"Bermuda","BMU",1990,57470,33016.709527209,-64.75050354003906,32.30780029296875
60,"Bermuda","BMU",2000,61371,53531.9471943641,-64.75050354003906,32.30780029296875
60,"Bermuda","BMU",2010,63447,101462.386639955,-64.75050354003906,32.30780029296875
60,"Bermuda","BMU",2020,64031,123944.906901313,-64.75050354003906,32.30780029296875
64,"Bhutan","BTN",1990,558442,515.444574298324,90.43360137939452,27.514162063598636
64,"Bhutan","BTN",2000,587207,743.023597815224,90.43360137939452,27.514162063598636
64,"Bhutan","BTN",2010,705517,2258.16879529763,90.43360137939452,27.514162063598636
64,"Bhutan","BTN",2020,772506,3217.96293453278,90.43360137939452,27.514162063598636
68,"Bolivia (Plurinational State of)","BOL",1990,7096194,709.059856145673,-63.588653564453125,-16.29015350341797
68,"Bolivia (Plurinational State of)","BOL",2000,8592656,997.575740356919,-63.588653564453125,-16.29015350341797
68,"Bolivia (Plurinational State of)","BOL",2010,10223270,1955.47695978022,-63.588653564453125,-16.29015350341797
68,"Bolivia (Plurinational State of)","BOL",2020,11936162,3133.10195045546,-63.588653564453125,-16.29015350341797
70,"Bosnia and Herzegovina","BIH",1990,4494311,1737.40118290379,17.679075241088867,43.91588592529297
70,"Bosnia and Herzegovina","BIH",2000,4179350,1484.27427637933,17.679075241088867,43.91588592529297
70,"Bosnia and Herzegovina","BIH",2010,3811088,4635.39349450601,17.679075241088867,43.91588592529297
70,"Bosnia and Herzegovina","BIH",2020,3318408,6035.47556857475,17.679075241088867,43.91588592529297
72,"Botswana","BWA",1990,1341474,2891.98895158063,24.68486595153809,-22.328474044799805
72,"Botswana","BWA",2000,1726985,3522.29774668399,24.68486595153809,-22.328474044799805
72,"Botswana","BWA",2010,2091664,6434.79449971516,24.68486595153809,-22.328474044799805
72,"Botswana","BWA",2020,2546402,6710.96014700365,24.68486595153809,-22.328474044799805
76,"Brazil","BRA",1990,150706446,2730.79336257084,-51.9252815246582,-14.235004425048828
76,"Brazil","BRA",2000,175873720,3732.24339826152,-51.9252815246582,-14.235004425048828
76,"Brazil","BRA",2010,196353492,11286.0716556268,-51.9252815246582,-14.235004425048828
76,"Brazil","BRA",2020,213196304,6796.84405807973,-51.9252815246582,-14.235004425048828
84,"Belize","BLZ",1990,182590,2393.86646903259,-88.49765014648438,17.189876556396484
84,"Belize","BLZ",2000,240406,3364.42376928209,-88.49765014648438,17.189876556396484
84,"Belize","BLZ",2010,322107,4304.1244557532,-88.49765014648438,17.189876556396484
84,"Belize","BLZ",2020,394921,3987.72639376503,-88.49765014648438,17.189876556396484
90,"Solomon Islands","SLB",1990,324171,667.350084013715,160.15618896484375,-9.645709991455078
90,"Solomon Islands","SLB",2000,429979,993.905288253365,160.15618896484375,-9.645709991455078
90,"Solomon Islands","SLB",2010,540394,1709.82143911263,160.15618896484375,-9.645709991455078
90,"Solomon Islands","SLB",2020,691191,2250.56375686668,160.15618896484375,-9.645709991455078
92,"British Virgin Islands","VGB",1990,15617,6855.02144204929,-64.63996887207031,18.42069435119629
92,"British Virgin Islands","VGB",2000,20104,42224.9635173059,-64.63996887207031,18.42069435119629
92,"British Virgin Islands","VGB",2010,27556,40085.2702022019,-64.63996887207031,18.42069435119629
92,"British Virgin Islands","VGB",2020,30910,49357.193079951,-64.63996887207031,18.42069435119629
96,"Brunei Darussalam","BRN",1990,261928,15076.8681653186,114.72766876220705,4.535276889801025
96,"Brunei Darussalam","BRN",2000,333927,19959.2066754733,114.72766876220705,4.535276889801025
96,"Brunei Darussalam","BRN",2010,396053,35268.8983528461,114.72766876220705,4.535276889801025
96,"Brunei Darussalam","BRN",2020,441725,27436.7415145183,114.72766876220705,4.535276889801025
100,"Bulgaria","BGR",1990,8767778,2344.18660330234,25.48583030700684,42.733882904052734
100,"Bulgaria","BGR",2000,8097692,1656.17290688974,25.48583030700684,42.733882904052734
100,"Bulgaria","BGR",2010,7592273,6825.90005249396,25.48583030700684,42.733882904052734
100,"Bulgaria","BGR",2020,6979175,10058.0774071682,25.48583030700684,42.733882904052734
104,"Myanmar","MMR",1990,40099553,149.338683407072,95.95597076416016,21.916221618652344
104,"Myanmar","MMR",2000,45538332,186.09423868466,95.95597076416016,21.916221618652344
104,"Myanmar","MMR",2010,49390988,886.298628258991,95.95597076416016,21.916221618652344
104,"Myanmar","MMR",2020,53423198,1291.74896818633,95.95597076416016,21.916221618652344
108,"Burundi","BDI",1990,5483794,211.128693024433,29.918886184692383,-3.373055934906006
108,"Burundi","BDI",2000,6307660,111.165947186471,29.918886184692383,-3.373055934906006
108,"Burundi","BDI",2010,9126606,234.23592149611,29.918886184692383,-3.373055934906006
108,"Burundi","BDI",2020,12220227,285.875781832036,29.918886184692383,-3.373055934906006
112,"Belarus","BLR",1990,10428525,1919.01051060774,27.953388214111328,53.709808349609375
112,"Belarus","BLR",2000,10256483,1091.02396183959,27.953388214111328,53.709808349609375
112,"Belarus","BLR",2010,9731427,6075.20368565958,27.953388214111328,53.709808349609375
112,"Belarus","BLR",2020,9633741,6377.05543170986,27.953388214111328,53.709808349609375
116,"Cambodia","KHM",1990,8910808,189.148370633366,104.990966796875,12.565678596496582
116,"Cambodia","KHM",2000,12118841,301.650799853388,104.990966796875,12.565678596496582
116,"Cambodia","KHM",2010,14363532,785.502535790677,104.990966796875,12.565678596496582
116,"Cambodia","KHM",2020,16396860,1512.72828849953,104.990966796875,12.565678596496582
120,"Cameroon","CMR",1990,11430520,1087.78575360417,12.354722023010254,7.36972188949585
120,"Cameroon","CMR",2000,15091595,647.591819076341,12.354722023010254,7.36972188949585
120,"Cameroon","CMR",2010,19878037,1285.26166967473,12.354722023010254,7.36972188949585
120,"Cameroon","CMR",2020,26491087,1502.32806246598,12.354722023010254,7.36972188949585
124,"Canada","CAN",1990,27657205,21643.4210439745,-106.34677124023438,56.130367279052734
124,"Canada","CAN",2000,30683313,24348.256257947,-106.34677124023438,56.130367279052734
124,"Canada","CAN",2010,33963413,47361.1158473465,-106.34677124023438,56.130367279052734
124,"Canada","CAN",2020,37888705,43559.7100918314,-106.34677124023438,56.130367279052734
132,"Cabo Verde","CPV",1990,364564,1036.63884993782,-23.60517311096191,15.120141983032228
132,"Cabo Verde","CPV",2000,458251,1432.18498965833,-23.60517311096191,15.120141983032228
132,"Cabo Verde","CPV",2010,521213,3378.26634450933,-23.60517311096191,15.120141983032228
132,"Cabo Verde","CPV",2020,582640,3064.27654591858,-23.60517311096191,15.120141983032228
136,"Cayman Islands","CYM",1990,26028,48428.1960990044,-81.25460052490233,19.31329917907715
136,"Cayman Islands","CYM",2000,39659,70966.9217798919,-81.25460052490233,19.31329917907715
136,"Cayman Islands","CYM",2010,54074,75460.7514935413,-81.25460052490233,19.31329917907715
136,"Cayman Islands","CYM",2020,67311,95190.9325059168,-81.25460052490233,19.31329917907715
140,"Central African Republic","CAF",1990,2809221,537.065953384267,20.93944358825684,6.611111164093018
140,"Central African Republic","CAF",2000,3759170,262.83512745256,20.93944358825684,6.611111164093018
140,"Central African Republic","CAF",2010,4660067,487.945191738819,20.93944358825684,6.611111164093018
140,"Central African Republic","CAF",2020,5343020,481.016461953413,20.93944358825684,6.611111164093018
144,"Sri Lanka","LKA",1990,17204094,541.941244965285,80.77179718017578,7.873054027557373
144,"Sri Lanka","LKA",2000,18776371,1018.86265760583,80.77179718017578,7.873054027557373
144,"Sri Lanka","LKA",2010,20668558,2799.64915388974,80.77179718017578,7.873054027557373
144,"Sri Lanka","LKA",2020,21715080,3767.60665468822,80.77179718017578,7.873054027557373
148,"Chad","TCD",1990,5827069,307.495908522627,18.73220634460449,15.454166412353516
148,"Chad","TCD",2000,8259137,188.586789931322,18.73220634460449,15.454166412353516
148,"Chad","TCD",2010,11894727,917.880124482655,18.73220634460449,15.454166412353516
148,"Chad","TCD",2020,16644702,679.067283844749,18.73220634460449,15.454166412353516
152,"Chile","CHL",1990,13342868,2630.45404319165,-71.54296875,-35.675148010253906
152,"Chile","CHL",2000,15351799,5107.63585557179,-71.54296875,-35.675148010253906
152,"Chile","CHL",2010,17004162,12808.0354231427,-71.54296875,-35.675148010253906
152,"Chile","CHL",2020,19300315,13231.709642446,-71.54296875,-35.675148010253906
156,"China","CHN",1990,1153704253,335.263136335696,104.19539642333984,35.86166000366211
156,"China","CHN",2000,1264099069,938.615656334364,104.19539642333984,35.86166000366211
156,"China","CHN",2010,1348191368,4447.06365945419,104.19539642333984,35.86166000366211
156,"China","CHN",2020,1424929781,10228.9705580833,104.19539642333984,35.86166000366211
170,"Colombia","COL",1990,32601393,1708.53898186133,-74.29733276367188,4.570868015289307
170,"Colombia","COL",2000,39215136,2503.92321263136,-74.29733276367188,4.570868015289307
170,"Colombia","COL",2010,44816108,6336.70921367982,-74.29733276367188,4.570868015289307
170,"Colombia","COL",2020,50930663,5332.77279049289,-74.29733276367188,4.570868015289307
174,"Comoros","COM",1990,431119,1240.93695107638,43.33330154418945,-11.645500183105469
174,"Comoros","COM",2000,536758,777.979137931335,43.33330154418945,-11.645500183105469
174,"Comoros","COM",2010,656024,1315.21600248004,43.33330154418945,-11.645500183105469
174,"Comoros","COM",2020,806166,1420.65190502353,43.33330154418945,-11.645500183105469
178,"Congo","COG",1990,2385435,1303.90387623694,15.827658653259276,-0.228020995855331
178,"Congo","COG",2000,3134030,1074.03792363184,15.827658653259276,-0.228020995855331
178,"Congo","COG",2010,4437884,3200.48498849609,15.827658653259276,-0.228020995855331
178,"Congo","COG",2020,5702174,1830.38249097654,15.827658653259276,-0.228020995855331
180,"Dem. Rep. of the Congo","COD",1990,35987541,434.325809187685,21.75866317749023,-4.038332939147949
180,"Dem. Rep. of the Congo","COD",2000,48616317,177.033576630212,21.75866317749023,-4.038332939147949
180,"Dem. Rep. of the Congo","COD",2010,66391257,334.021982444468,21.75866317749023,-4.038332939147949
180,"Dem. Rep. of the Congo","COD",2020,92853165,505.883923589688,21.75866317749023,-4.038332939147949
184,"Cook Islands","COK",1990,17123,3990.08755797956,-159.7776641845703,-21.236736297607425
184,"Cook Islands","COK",2000,15897,5576.33577711793,-159.7776641845703,-21.236736297607425
184,"Cook Islands","COK",2010,17212,13092.7319093479,-159.7776641845703,-21.236736297607425
184,"Cook Islands","COK",2020,17029,16134.9779483292,-159.7776641845703,-21.236736297607425
188,"Costa Rica","CRI",1990,3158254,2336.39287617487,-83.75342559814453,9.748916625976562
188,"Costa Rica","CRI",2000,3979193,3789.09199977211,-83.75342559814453,9.748916625976562
188,"Costa Rica","CRI",2010,4622252,8227.11959493577,-83.75342559814453,9.748916625976562
188,"Costa Rica","CRI",2020,5123105,12076.8059608058,-83.75342559814453,9.748916625976562
191,"Croatia","HRV",1990,4873707,3482.18169034446,15.199999809265137,45.09999847412109
191,"Croatia","HRV",2000,4548434,4932.11573307511,15.199999809265137,45.09999847412109
191,"Croatia","HRV",2010,4368682,13961.1175776341,15.199999809265137,45.09999847412109
191,"Croatia","HRV",2020,4096870,13934.2419553929,15.199999809265137,45.09999847412109
192,"Cuba","CUB",1990,10626680,2703.13562184072,-77.78116607666016,21.52175712585449
192,"Cuba","CUB",2000,11105791,2747.13452562951,-77.78116607666016,21.52175712585449
192,"Cuba","CUB",2010,11290418,5730.35477459488,-77.78116607666016,21.52175712585449
192,"Cuba","CUB",2020,11300698,9477.85287326771,-77.78116607666016,21.52175712585449
196,"Cyprus","CYP",1990,788500,10801.6332707626,33.42985916137695,35.12641143798828
196,"Cyprus","CYP",2000,948238,14363.9922744832,33.42985916137695,35.12641143798828
196,"Cyprus","CYP",2010,1129686,30993.0709126792,33.42985916137695,35.12641143798828
196,"Cyprus","CYP",2020,1237537,28133.0711589119,33.42985916137695,35.12641143798828
203,"Czechia","CZE",1990,10301193,3938.5636623431,15.472962379455566,49.8174934387207
203,"Czechia","CZE",2000,10234710,6008.48025307629,15.472962379455566,49.8174934387207
203,"Czechia","CZE",2010,10464749,19842.4129264694,15.472962379455566,49.8174934387207
203,"Czechia","CZE",2020,10530954,22910.628937362,15.472962379455566,49.8174934387207
204,"Benin","BEN",1990,5133420,400.311403045848,2.315834045410156,9.307689666748049
204,"Benin","BEN",2000,6998023,374.19383956066,2.315834045410156,9.307689666748049
204,"Benin","BEN",2010,9445710,757.697410781237,2.315834045410156,9.307689666748049
204,"Benin","BEN",2020,12643123,1254.21258947608,2.315834045410156,9.307689666748049
208,"Denmark","DNK",1990,5144624,26890.7069020633,9.501785278320312,56.263919830322266
208,"Denmark","DNK",2000,5340655,30734.2968869546,9.501785278320312,56.263919830322266
208,"Denmark","DNK",2010,5550849,57966.5746511516,9.501785278320312,56.263919830322266
208,"Denmark","DNK",2020,5825641,61476.5969290503,9.501785278320312,56.263919830322266
212,"Dominica","DMA",1990,69482,2860.44433504636,-61.370975494384766,15.414999008178713
212,"Dominica","DMA",2000,68346,4787.80144106777,-61.370975494384766,15.414999008178713
212,"Dominica","DMA",2010,68755,6967.26665433457,-61.370975494384766,15.414999008178713
212,"Dominica","DMA",2020,71995,7037.6853112385,-61.370975494384766,15.414999008178713
214,"Dominican Republic","DOM",1990,7129004,1334.88840504955,-70.16265106201172,18.735692977905277
214,"Dominican Republic","DOM",2000,8540792,2828.36046228018,-70.16265106201172,18.735692977905277
214,"Dominican Republic","DOM",2010,9775755,5483.12595576953,-70.16265106201172,18.735692977905277
214,"Dominican Republic","DOM",2020,10999664,7268.18860336878,-70.16265106201172,18.735692977905277
218,"Ecuador","ECU",1990,10449838,1488.81548840018,-78.18340301513672,-1.831238985061645
218,"Ecuador","ECU",2000,12626507,1444.5566847668,-78.18340301513672,-1.831238985061645
218,"Ecuador","ECU",2010,14989586,4633.59035839904,-78.18340301513672,-1.831238985061645
218,"Ecuador","ECU",2020,17588596,5600.39151951811,-78.18340301513672,-1.831238985061645
222,"El Salvador","SLV",1990,5367179,914.130927449095,-88.89653015136719,13.794184684753418
222,"El Salvador","SLV",2000,5958482,2001.53800397966,-88.89653015136719,13.794184684753418
222,"El Salvador","SLV",2010,6114035,2983.23016490469,-88.89653015136719,13.794184684753418
222,"El Salvador","SLV",2020,6292731,3798.63470103088,-88.89653015136719,13.794184684753418
226,"Equatorial Guinea","GNQ",1990,465549,404.909813353396,10.267894744873049,1.650800943374633
226,"Equatorial Guinea","GNQ",2000,684977,2492.35660170732,10.267894744873049,1.650800943374633
226,"Equatorial Guinea","GNQ",2010,1094525,17272.002599381,10.267894744873049,1.650800943374633
226,"Equatorial Guinea","GNQ",2020,1596049,7143.23810177987,10.267894744873049,1.650800943374633
231,"Ethiopia","ETH",1990,47878074,234.042398649872,40.48967361450195,9.145000457763672
231,"Ethiopia","ETH",2000,67031867,121.25672115705,40.48967361450195,9.145000457763672
231,"Ethiopia","ETH",2010,89237791,300.220310475965,40.48967361450195,9.145000457763672
231,"Ethiopia","ETH",2020,117190911,840.361930061963,40.48967361450195,9.145000457763672
232,"Eritrea","ERI",1990,2149960,147.147431716968,39.78233337402344,15.179384231567385
232,"Eritrea","ERI",2000,2392880,308.133782114477,39.78233337402344,15.179384231567385
232,"Eritrea","ERI",2010,3147727,501.355633266246,39.78233337402344,15.179384231567385
232,"Eritrea","ERI",2020,3555868,587.614195752495,39.78233337402344,15.179384231567385
233,"Estonia","EST",1990,1570674,3615.40094699884,25.013607025146484,58.59527206420898
233,"Estonia","EST",2000,1396877,4067.44308822324,25.013607025146484,58.59527206420898
233,"Estonia","EST",2010,1331535,14664.8905382907,25.013607025146484,58.59527206420898
233,"Estonia","EST",2020,1329444,23105.5233911819,25.013607025146484,58.59527206420898
242,"Fiji","FJI",1990,780430,1837.95854182905,178.06503295898438,-17.71337127685547
242,"Fiji","FJI",2000,832509,2105.95311836913,178.06503295898438,-17.71337127685547
242,"Fiji","FJI",2010,905170,3652.54909906683,178.06503295898438,-17.71337127685547
242,"Fiji","FJI",2020,920422,5013.23098335222,178.06503295898438,-17.71337127685547
246,"Finland","FIN",1990,4986545,28310.4955214345,25.748151779174805,61.924110412597656
246,"Finland","FIN",2000,5176209,24230.4683912627,25.748151779174805,61.924110412597656
246,"Finland","FIN",2010,5363272,46438.9329414369,25.748151779174805,61.924110412597656
246,"Finland","FIN",2020,5529468,48685.2453931033,25.748151779174805,61.924110412597656
250,"France","FRA",1990,56412897,21793.1384642538,2.213748931884765,46.227638244628906
250,"France","FRA",2000,58665453,22378.025193679,2.213748931884765,46.227638244628906
250,"France","FRA",2010,62444567,40685.2611812413,2.213748931884765,46.227638244628906
250,"France","FRA",2020,64480053,38958.6034185801,2.213748931884765,46.227638244628906
258,"French Polynesia","PYF",1990,211090,17848.7829797976,-149.40684509277344,-17.67974281311035
258,"French Polynesia","PYF",2000,250927,15609.6924396793,-149.40684509277344,-17.67974281311035
258,"French Polynesia","PYF",2010,283788,22820.7839236576,-149.40684509277344,-17.67974281311035
258,"French Polynesia","PYF",2020,301920,20707.4527737439,-149.40684509277344,-17.67974281311035
262,"Djibouti","DJI",1990,577174,773.908324359837,42.590274810791016,11.825138092041016
262,"Djibouti","DJI",2000,742033,761.401664128385,42.590274810791016,11.825138092041016
262,"Djibouti","DJI",2010,919200,1480.18884152596,42.590274810791016,11.825138092041016
262,"Djibouti","DJI",2020,1090156,3465.03871349282,42.590274810791016,11.825138092041016
266,"Gabon","GAB",1990,983028,6360.78769273966,11.60944366455078,-0.8036890029907221
266,"Gabon","GAB",2000,1272935,4621.43304334117,11.60944366455078,-0.8036890029907221
266,"Gabon","GAB",2010,1711105,8840.75942283976,11.60944366455078,-0.8036890029907221
266,"Gabon","GAB",2020,2292573,6789.39263219054,11.60944366455078,-0.8036890029907221
268,"Georgia","GEO",1990,5391636,1640.88328537537,43.35689163208008,42.315406799316406
268,"Georgia","GEO",2000,4265172,737.455157625826,43.35689163208008,42.315406799316406
268,"Georgia","GEO",2010,3836831,2986.80321992819,43.35689163208008,42.315406799316406
268,"Georgia","GEO",2020,3765912,3983.68975637212,43.35689163208008,42.315406799316406
270,"Gambia","GMB",1990,1040616,1230.69840669373,-15.310138702392578,13.443181991577148
270,"Gambia","GMB",2000,1437539,987.434830785076,-15.310138702392578,13.443181991577148
270,"Gambia","GMB",2010,1937275,860.639297194254,-15.310138702392578,13.443181991577148
270,"Gambia","GMB",2020,2573995,757.412441096855,-15.310138702392578,13.443181991577148
275,"State of Palestine","PSE",1990,2124609,921.196101636683,35.233154296875,31.95216178894043
275,"State of Palestine","PSE",2000,3139954,1337.96401554217,35.233154296875,31.95216178894043
275,"State of Palestine","PSE",2010,3992278,2387.17477009126,35.233154296875,31.95216178894043
275,"State of Palestine","PSE",2020,5019402,3050.38955865962,35.233154296875,31.95216178894043
276,"Germany","DEU",1990,79370196,22410.5959901546,10.451525688171388,51.16569137573242
276,"Germany","DEU",2000,81551677,23871.2879340809,10.451525688171388,51.16569137573242
276,"Germany","DEU",2010,81325090,42020.0427038445,10.451525688171388,51.16569137573242
276,"Germany","DEU",2020,83328988,45908.7247130686,10.451525688171388,51.16569137573242
288,"Ghana","GHA",1990,15446982,894.419612290118,-1.023193955421447,7.946527004241944
288,"Ghana","GHA",2000,19665502,548.25804739955,-1.023193955421447,7.946527004241944
288,"Ghana","GHA",2010,25574719,1718.64703824967,-1.023193955421447,7.946527004241944
288,"Ghana","GHA",2020,32180402,2205.52608626793,-1.023193955421447,7.946527004241944
296,"Kiribati","KIR",1990,75124,488.347937678116,-157.36302185058594,1.870883345603942
296,"Kiribati","KIR",2000,88826,885.099745819023,-157.36302185058594,1.870883345603942
296,"Kiribati","KIR",2010,107995,1508.889794673,-157.36302185058594,1.870883345603942
296,"Kiribati","KIR",2020,126464,1514.56946404026,-157.36302185058594,1.870883345603942
300,"Greece","GRC",1990,10302255,9572.95226728103,21.824312210083008,39.0742073059082
300,"Greece","GRC",2000,11038109,11885.7582198031,21.824312210083008,39.0742073059082
300,"Greece","GRC",2010,11033783,27263.5235629777,21.824312210083008,39.0742073059082
300,"Greece","GRC",2020,10512232,18117.070258478,21.824312210083008,39.0742073059082
304,"Greenland","GRL",1990,55599,20025.3655582232,-42.60430145263672,71.70693969726562
304,"Greenland","GRL",2000,56184,20775.9238617679,-42.60430145263672,71.70693969726562
304,"Greenland","GRL",2010,56351,44195.896526944,-42.60430145263672,71.70693969726562
304,"Greenland","GRL",2020,56027,55138.5698779367,-42.60430145263672,71.70693969726562
308,"Grenada","GRD",1990,99047,2450.97724012539,-61.68982,12.09227
308,"Grenada","GRD",2000,107432,5057.17468560136,-61.68982,12.09227
308,"Grenada","GRD",2010,114039,7257.77126518892,-61.68982,12.09227
308,"Grenada","GRD",2020,123663,9272.8837561111,-61.68982,12.09227
320,"Guatemala","GTM",1990,9084780,724.510835144146,-90.2307586669922,15.78347110748291
320,"Guatemala","GTM",2000,11735894,1452.50255414608,-90.2307586669922,15.78347110748291
320,"Guatemala","GTM",2010,14543121,2780.65391009103,-90.2307586669922,15.78347110748291
320,"Guatemala","GTM",2020,17362719,4331.6869582017,-90.2307586669922,15.78347110748291
324,"Guinea","GIN",1990,6354145,614.867271052922,-9.69664478302002,9.945587158203123
324,"Guinea","GIN",2000,8336967,518.089809940142,-9.69664478302002,9.945587158203123
324,"Guinea","GIN",2010,10270728,672.424401611989,-9.69664478302002,9.945587158203123
324,"Guinea","GIN",2020,13205153,1179.48889016162,-9.69664478302002,9.945587158203123
328,"Guyana","GUY",1990,747117,850.112776379871,-58.93017959594727,4.860415935516357
328,"Guyana","GUY",2000,759051,1521.99987080103,-58.93017959594727,4.860415935516357
328,"Guyana","GUY",2010,747932,4580.6617127268,-58.93017959594727,4.860415935516357
328,"Guyana","GUY",2020,797202,6956.01941538948,-58.93017959594727,4.860415935516357
332,"Haiti","HTI",1990,6925331,499.663626666811,-72.28521728515625,18.97118759155273
332,"Haiti","HTI",2000,8360225,751.618389239364,-72.28521728515625,18.97118759155273
332,"Haiti","HTI",2010,9842880,1187.18475912316,-72.28521728515625,18.97118759155273
332,"Haiti","HTI",2020,11306802,1359.80253637103,-72.28521728515625,18.97118759155273
340,"Honduras","HND",1990,5053234,734.019407364327,-86.24190521240233,15.19999885559082
340,"Honduras","HND",2000,6656725,1093.21087809668,-86.24190521240233,15.19999885559082
340,"Honduras","HND",2010,8450933,1904.34646496881,-86.24190521240233,15.19999885559082
340,"Honduras","HND",2020,10121763,2405.73499733933,-86.24190521240233,15.19999885559082
344,"China, Hong Kong SAR","HKG",1990,5838574,13430.4499491468,114.1094970703125,22.396427154541016
344,"China, Hong Kong SAR","HKG",2000,6731195,25985.5285000188,114.1094970703125,22.396427154541016
344,"China, Hong Kong SAR","HKG",2010,7132438,32820.5304251193,114.1094970703125,22.396427154541016
344,"China, Hong Kong SAR","HKG",2020,7500958,46611.3910399946,114.1094970703125,22.396427154541016
348,"Hungary","HUN",1990,10375990,3584.1007199396,19.50330352783203,47.16249465942382
348,"Hungary","HUN",2000,10202055,4619.96762687543,19.50330352783203,47.16249465942382
348,"Hungary","HUN",2010,9986825,13319.8555265501,19.50330352783203,47.16249465942382
348,"Hungary","HUN",2020,9750573,16128.6516647777,19.50330352783203,47.16249465942382
352,"Iceland","ISL",1990,255020,25363.3272099211,-19.020835876464844,64.96305084228516
352,"Iceland","ISL",2000,281462,32184.5222058516,-19.020835876464844,64.96305084228516
352,"Iceland","ISL",2010,318333,42928.3794040476,-19.020835876464844,64.96305084228516
352,"Iceland","ISL",2020,366669,63644.018266178,-19.020835876464844,64.96305084228516
356,"India","IND",1990,870452165,376.901179891014,78.96288299560547,20.59368324279785
356,"India","IND",2000,1059633675,450.652142535019,78.96288299560547,20.59368324279785
356,"India","IND",2010,1240613620,1352.7062027872,78.96288299560547,20.59368324279785
356,"India","IND",2020,1396387127,1930.97121792722,78.96288299560547,20.59368324279785
360,"Indonesia","IDN",1990,182159874,734.870787646504,113.92132568359376,-0.789274990558624
360,"Indonesia","IDN",2000,214072422,830.689105366907,113.92132568359376,-0.789274990558624
360,"Indonesia","IDN",2010,244016173,3122.36280376723,113.92132568359376,-0.789274990558624
360,"Indonesia","IDN",2020,271857971,3869.58852046848,113.92132568359376,-0.789274990558624
364,"Iran (Islamic Republic of)","IRN",1990,55793629,1709.59900868695,53.68804550170898,32.42790985107422
364,"Iran (Islamic Republic of)","IRN",2000,65544383,1700.83956321804,53.68804550170898,32.42790985107422
364,"Iran (Islamic Republic of)","IRN",2010,75373855,7101.21567485002,53.68804550170898,32.42790985107422
364,"Iran (Islamic Republic of)","IRN",2020,87290193,11183.2748769679,53.68804550170898,32.42790985107422
368,"Iraq","IRQ",1990,17658382,1370.73172106545,43.679290771484375,33.22319030761719
368,"Iraq","IRQ",2000,24628858,1006.193562728,43.679290771484375,33.22319030761719
368,"Iraq","IRQ",2010,31264875,4657.28042580536,43.679290771484375,33.22319030761719
368,"Iraq","IRQ",2020,42556984,4145.86396710848,43.679290771484375,33.22319030761719
372,"Ireland","IRL",1990,3485375,14046.4134334495,-8.243889808654785,53.41291046142578
372,"Ireland","IRL",2000,3768951,26422.418327366,-8.243889808654785,53.41291046142578
372,"Ireland","IRL",2010,4524585,48670.2063853672,-8.243889808654785,53.41291046142578
372,"Ireland","IRL",2020,4946119,86250.9941527383,-8.243889808654785,53.41291046142578
376,"Israel","ISR",1990,4803254,13218.5687011292,34.85161209106445,31.046051025390625
376,"Israel","ISR",2000,6116958,22276.4265827385,34.85161209106445,31.046051025390625
376,"Israel","ISR",2010,7328445,31941.2504223926,34.85161209106445,31.046051025390625
376,"Israel","ISR",2020,8757490,47033.5865472019,34.85161209106445,31.046051025390625
380,"Italy","ITA",1990,56756561,20706.7574612307,12.567379951477053,41.87194061279297
380,"Italy","ITA",2000,56966398,20176.1335422107,12.567379951477053,41.87194061279297
380,"Italy","ITA",2010,59822450,35971.5062077073,12.567379951477053,41.87194061279297
380,"Italy","ITA",2020,59500579,31238.0483461991,12.567379951477053,41.87194061279297
384,"Côte d'Ivoire","CIV",1990,11910541,997.312950685803,-5.547080039978027,7.539988994598389
384,"Côte d'Ivoire","CIV",2000,16799670,649.149269374015,-5.547080039978027,7.539988994598389
384,"Côte d'Ivoire","CIV",2010,21120042,1279.11590606267,-5.547080039978027,7.539988994598389
384,"Côte d'Ivoire","CIV",2020,26811791,2317.92571866178,-5.547080039978027,7.539988994598389
388,"Jamaica","JAM",1990,2392030,2180.67337381924,-77.2975082397461,18.109580993652344
388,"Jamaica","JAM",2000,2612205,3392.12189524327,-77.2975082397461,18.109580993652344
388,"Jamaica","JAM",2010,2733896,4704.05049191577,-77.2975082397461,18.109580993652344
388,"Jamaica","JAM",2020,2820436,4664.51971786885,-77.2975082397461,18.109580993652344
392,"Japan","JPN",1990,123686321,25162.1349659504,138.2529296875,36.2048225402832
392,"Japan","JPN",2000,126803861,38960.1359252533,138.2529296875,36.2048225402832
392,"Japan","JPN",2010,128105431,44802.9123055894,138.2529296875,36.2048225402832
392,"Japan","JPN",2020,125244761,39989.7255087383,138.2529296875,36.2048225402832
398,"Kazakhstan","KAZ",1990,16866563,1810.57324635911,66.9236831665039,48.01957321166992
398,"Kazakhstan","KAZ",2000,15236253,1225.78134850204,66.9236831665039,48.01957321166992
398,"Kazakhstan","KAZ",2010,16627837,9109.32849729218,66.9236831665039,48.01957321166992
398,"Kazakhstan","KAZ",2020,18979243,9111.41050061829,66.9236831665039,48.01957321166992
400,"Jordan","JOR",1990,3480587,1162.61543969363,36.2384147644043,30.58516311645508
400,"Jordan","JOR",2000,5056174,1703.2282922068,36.2384147644043,30.58516311645508
400,"Jordan","JOR",2010,6931259,3736.6464939554,36.2384147644043,30.58516311645508
400,"Jordan","JOR",2020,10928721,4282.72167145816,36.2384147644043,30.58516311645508
404,"Kenya","KEN",1990,23162270,584.791460588765,37.906192779541016,-0.023559000343084
404,"Kenya","KEN",2000,30851606,495.741428162489,37.906192779541016,-0.023559000343084
404,"Kenya","KEN",2010,41517896,1042.56231198103,37.906192779541016,-0.023559000343084
404,"Kenya","KEN",2020,51985780,1878.58119241031,37.906192779541016,-0.023559000343084
408,"Dem. People's Rep. of Korea","PRK",1990,20799524,734.858007070797,127.51009368896484,40.33985137939453
408,"Dem. People's Rep. of Korea","PRK",2000,23367060,461.956494218708,127.51009368896484,40.33985137939453
408,"Dem. People's Rep. of Korea","PRK",2010,24686436,570.962745986111,127.51009368896484,40.33985137939453
408,"Dem. People's Rep. of Korea","PRK",2020,25867467,617.887235468459,127.51009368896484,40.33985137939453
410,"Republic of Korea","KOR",1990,44120039,6602.43000812026,127.76692199707033,35.90775680541992
410,"Republic of Korea","KOR",2000,46788591,12161.0092449479,127.76692199707033,35.90775680541992
410,"Republic of Korea","KOR",2010,48813042,23091.1755239139,127.76692199707033,35.90775680541992
410,"Republic of Korea","KOR",2020,51844691,31946.9825107436,127.76692199707033,35.90775680541992
414,"Kuwait","KWT",1990,1674938,8815.17243559525,47.48176574707031,29.31166076660156
414,"Kuwait","KWT",2000,1934902,18442.8108842936,47.48176574707031,29.31166076660156
414,"Kuwait","KWT",2010,2943357,38576.3777968424,47.48176574707031,29.31166076660156
414,"Kuwait","KWT",2020,4360445,24809.0396285701,47.48176574707031,29.31166076660156
417,"Kyrgyzstan","KGZ",1990,4394734,596.393334215689,74.76609802246094,41.20438003540039
417,"Kyrgyzstan","KGZ",2000,4935182,278.430535830881,74.76609802246094,41.20438003540039
417,"Kyrgyzstan","KGZ",2010,5483774,884.194531945454,74.76609802246094,41.20438003540039
417,"Kyrgyzstan","KGZ",2020,6424874,1185.73019277986,74.76609802246094,41.20438003540039
418,"Lao People's Dem. Republic","LAO",1990,4314443,211.765027512219,102.49549865722656,19.85626983642578
418,"Lao People's Dem. Republic","LAO",2000,5430853,339.242912834875,102.49549865722656,19.85626983642578
418,"Lao People's Dem. Republic","LAO",2010,6323419,1170.30845858979,102.49549865722656,19.85626983642578
418,"Lao People's Dem. Republic","LAO",2020,7319399,2622.75763965773,102.49549865722656,19.85626983642578
422,"Lebanon","LBN",1990,3593700,1052.49717530634,35.86228561401367,33.85472106933594
422,"Lebanon","LBN",2000,4320642,4340.22953577892,35.86228561401367,33.85472106933594
422,"Lebanon","LBN",2010,4995800,7761.64619056791,35.86228561401367,33.85472106933594
422,"Lebanon","LBN",2020,5662924,9310.16192545214,35.86228561401367,33.85472106933594
426,"Lesotho","LSO",1990,1798997,345.058731073107,28.23360824584961,-29.609987258911133
426,"Lesotho","LSO",2000,1998630,404.416175894797,28.23360824584961,-29.609987258911133
426,"Lesotho","LSO",2010,2022747,1119.63393017931,28.23360824584961,-29.609987258911133
426,"Lesotho","LSO",2020,2254100,1061.26571462724,28.23360824584961,-29.609987258911133
428,"Latvia","LVA",1990,2689391,3588.9415394793,24.60318946838379,56.87963485717773
428,"Latvia","LVA",2000,2392530,3338.32460713954,24.60318946838379,56.87963485717773
428,"Latvia","LVA",2010,2101531,11309.8515596323,24.60318946838379,56.87963485717773
428,"Latvia","LVA",2020,1897052,17870.5103156209,24.60318946838379,56.87963485717773
430,"Liberia","LBR",1990,2209731,286.719604202876,-9.429498672485352,6.4280548095703125
430,"Liberia","LBR",2000,2895224,226.418901678664,-9.429498672485352,6.4280548095703125
430,"Liberia","LBR",2010,4019956,332.017939247913,-9.429498672485352,6.4280548095703125
430,"Liberia","LBR",2020,5087585,490.51912388306,-9.429498672485352,6.4280548095703125
434,"Libya","LBY",1990,4236983,7007.14982007652,17.228330612182617,26.335100173950195
434,"Libya","LBY",2000,5154790,7180.15848864494,17.228330612182617,26.335100173950195
434,"Libya","LBY",2010,6491988,12168.7541767426,17.228330612182617,26.335100173950195
434,"Libya","LBY",2020,6653942,4242.76717359281,17.228330612182617,26.335100173950195
438,"Liechtenstein","LIE",1990,28765,60990.6724022805,9.555373191833496,47.16600036621094
438,"Liechtenstein","LIE",2000,33027,82786.2303149552,9.555373191833496,47.16600036621094
438,"Liechtenstein","LIE",2010,35926,156166.506011644,9.555373191833496,47.16600036621094
438,"Liechtenstein","LIE",2020,38756,180227.131991826,9.555373191833496,47.16600036621094
440,"Lithuania","LTU",1990,3785847,2769.096071254,23.881275177001957,55.16943740844727
440,"Lithuania","LTU",2000,3599637,3291.12077762571,23.881275177001957,55.16943740844727
440,"Lithuania","LTU",2010,3139019,11888.8131480804,23.881275177001957,55.16943740844727
440,"Lithuania","LTU",2020,2820267,20771.8421796845,23.881275177001957,55.16943740844727
442,"Luxembourg","LUX",1990,381267,33470.30574055,6.12958288192749,49.81527328491211
442,"Luxembourg","LUX",2000,435628,48560.6719493083,6.12958288192749,49.81527328491211
442,"Luxembourg","LUX",2010,507070,110573.75284428,6.12958288192749,49.81527328491211
442,"Luxembourg","LUX",2020,630400,117181.646629287,6.12958288192749,49.81527328491211
446,"China, Macao SAR","MAC",1990,350227,9442.71619089726,113.54387664794922,22.198745727539062
446,"China, Macao SAR","MAC",2000,431896,15835.6208264656,113.54387664794922,22.198745727539062
446,"China, Macao SAR","MAC",2010,557297,52472.6917258749,113.54387664794922,22.198745727539062
446,"China, Macao SAR","MAC",2020,676283,37473.7532621561,113.54387664794922,22.198745727539062
450,"Madagascar","MDG",1990,11882762,311.176422347662,46.86910629272461,-18.76694679260254
450,"Madagascar","MDG",2000,16216431,285.518544971478,46.86910629272461,-18.76694679260254
450,"Madagascar","MDG",2010,21731053,471.959211584134,46.86910629272461,-18.76694679260254
450,"Madagascar","MDG",2020,28225177,469.766309497188,46.86910629272461,-18.76694679260254
454,"Malawi","MWI",1990,9539665,336.681372165196,34.3015251159668,-13.254307746887209
454,"Malawi","MWI",2000,11229387,282.5764890318,34.3015251159668,-13.254307746887209
454,"Malawi","MWI",2010,14718422,478.668730075298,34.3015251159668,-13.254307746887209
454,"Malawi","MWI",2020,19377062,614.867604712418,34.3015251159668,-13.254307746887209
458,"Malaysia","MYS",1990,17517055,2441.76455852335,101.97576904296876,4.210484027862549
458,"Malaysia","MYS",2000,22945150,4043.66205143391,101.97576904296876,4.210484027862549
458,"Malaysia","MYS",2010,28717731,9040.60297738498,101.97576904296876,4.210484027862549
458,"Malaysia","MYS",2020,33199993,10401.7931992135,101.97576904296876,4.210484027862549
462,"Maldives","MDV",1990,224957,1257.81897607949,73.5361099243164,1.977246880531311
462,"Maldives","MDV",2000,282507,3171.92887848819,73.5361099243164,1.977246880531311
462,"Maldives","MDV",2010,361575,7076.66243345574,73.5361099243164,1.977246880531311
462,"Maldives","MDV",2020,514438,6924.0938466658,73.5361099243164,1.977246880531311
466,"Mali","MLI",1990,8945026,323.284890483877,-3.996165990829468,17.57069206237793
466,"Mali","MLI",2000,11239101,269.871147388447,-3.996165990829468,17.57069206237793
466,"Mali","MLI",2010,15529181,709.581933678061,-3.996165990829468,17.57069206237793
466,"Mali","MLI",2020,21224040,855.863188075269,-3.996165990829468,17.57069206237793
470,"Malta","MLT",1990,365392,7323.30135005812,14.375415802001951,35.937496185302734
470,"Malta","MLT",2000,399212,10337.7647100232,14.375415802001951,35.937496185302734
470,"Malta","MLT",2010,418755,21791.0605573362,14.375415802001951,35.937496185302734
470,"Malta","MLT",2020,515358,33770.7901217407,14.375415802001951,35.937496185302734
478,"Mauritania","MRT",1990,2006027,1124.98486508471,-10.940834999084473,21.007890701293945
478,"Mauritania","MRT",2000,2695004,676.567563882845,-10.940834999084473,21.007890701293945
478,"Mauritania","MRT",2010,3419461,1610.92293514646,-10.940834999084473,21.007890701293945
478,"Mauritania","MRT",2020,4498604,1702.48769147385,-10.940834999084473,21.007890701293945
480,"Mauritius","MUS",1990,1090290,2590.36410350371,57.55215072631836,-20.348403930664062
480,"Mauritius","MUS",2000,1215931,4108.57359571073,57.55215072631836,-20.348403930664062
480,"Mauritius","MUS",2010,1283330,8016.05081140719,57.55215072631836,-20.348403930664062
480,"Mauritius","MUS",2020,1297828,8586.94267243051,57.55215072631836,-20.348403930664062
484,"Mexico","MEX",1990,81720428,3573.18443220698,-102.55278778076172,23.63450050354004
484,"Mexico","MEX",2000,97873442,7157.84604133383,-102.55278778076172,23.63450050354004
484,"Mexico","MEX",2010,112532401,9271.39200023139,-102.55278778076172,23.63450050354004
484,"Mexico","MEX",2020,125998302,8325.57121757046,-102.55278778076172,23.63450050354004
492,"Monaco","MCO",1990,30329,82510.8735466599,7.424615859985352,43.73841857910156
492,"Monaco","MCO",2000,32466,81100.9842899227,7.424615859985352,43.73841857910156
492,"Monaco","MCO",2010,33179,150577.039874118,7.424615859985352,43.73841857910156
492,"Monaco","MCO",2020,36922,173695.77238078,7.424615859985352,43.73841857910156
496,"Mongolia","MNG",1990,2161433,800.858906121722,103.8466567993164,46.86249542236328
496,"Mongolia","MNG",2000,2450980,549.854309309988,103.8466567993164,46.86249542236328
496,"Mongolia","MNG",2010,2702520,2643.29341257261,103.8466567993164,46.86249542236328
496,"Mongolia","MNG",2020,3294335,4007.31127951355,103.8466567993164,46.86249542236328
498,"Republic of Moldova","MDA",1990,4480199,1091.61699591462,28.3698844909668,47.4116325378418
498,"Republic of Moldova","MDA",2000,4251573,367.920321209821,28.3698844909668,47.4116325378418
498,"Republic of Moldova","MDA",2010,3678186,1707.01030953954,28.3698844909668,47.4116325378418
498,"Republic of Moldova","MDA",2020,3084847,2953.51088411219,28.3698844909668,47.4116325378418
499,"Montenegro","MNE",1990,621442,3491.26224975778,19.3743896484375,42.70867919921875
499,"Montenegro","MNE",2000,633325,1615.59216157565,19.3743896484375,42.70867919921875
499,"Montenegro","MNE",2010,631044,6630.02501829386,19.3743896484375,42.70867919921875
499,"Montenegro","MNE",2020,629048,7625.72201655034,19.3743896484375,42.70867919921875
500,"Montserrat","MSR",1990,10805,7104.68889237801,-62.1873664855957,16.74249839782715
500,"Montserrat","MSR",2000,5138,7291.69014825334,-62.1873664855957,16.74249839782715
500,"Montserrat","MSR",2010,4938,11331.1106575038,-62.1873664855957,16.74249839782715
500,"Montserrat","MSR",2020,4500,13523.1184710351,-62.1873664855957,16.74249839782715
504,"Morocco","MAR",1990,24570814,1222.20069428296,-7.092619895935059,31.79170227050781
504,"Morocco","MAR",2000,28554416,1351.01889499777,-7.092619895935059,31.79170227050781
504,"Morocco","MAR",2010,32464865,2882.11052796657,-7.092619895935059,31.79170227050781
504,"Morocco","MAR",2020,36688772,3108.17537357982,-7.092619895935059,31.79170227050781
508,"Mozambique","MOZ",1990,13303459,302.170954072271,35.529563903808594,-18.665695190429688
508,"Mozambique","MOZ",2000,17768506,319.358536244682,35.529563903808594,-18.665695190429688
508,"Mozambique","MOZ",2010,23073723,471.90421957869,35.529563903808594,-18.665695190429688
508,"Mozambique","MOZ",2020,31178239,448.84389134932,35.529563903808594,-18.665695190429688
512,"Oman","OMN",1990,1804524,6376.93410507424,55.92325592041016,21.512582778930664
512,"Oman","OMN",2000,2344254,8601.2719318758,55.92325592041016,21.512582778930664
512,"Oman","OMN",2010,2881915,18712.5762975405,55.92325592041016,21.512582778930664
512,"Oman","OMN",2020,4543399,12408.8981398994,55.92325592041016,21.512582778930664
516,"Namibia","NAM",1990,1369011,1944.12196664672,18.49040985107422,-22.957639694213867
516,"Namibia","NAM",2000,1819141,2136.43152242838,18.49040985107422,-22.957639694213867
516,"Namibia","NAM",2010,2099271,5324.60106461531,18.49040985107422,-22.957639694213867
516,"Namibia","NAM",2020,2489098,4215.17014051901,18.49040985107422,-22.957639694213867
520,"Nauru","NRU",1990,9598,5180.50277945345,166.93150329589844,-0.5227779746055601
520,"Nauru","NRU",2000,10377,2100.84613364722,166.93150329589844,-0.5227779746055601
520,"Nauru","NRU",2010,10241,5924.75882165693,166.93150329589844,-0.5227779746055601
520,"Nauru","NRU",2020,12315,12510.3662555289,166.93150329589844,-0.5227779746055601
524,"Nepal","NPL",1990,19616530,199.951900306642,84.12400817871094,28.39485740661621
524,"Nepal","NPL",2000,24559501,239.353150920711,84.12400817871094,28.39485740661621
524,"Nepal","NPL",2010,27161567,679.838114994189,84.12400817871094,28.39485740661621
524,"Nepal","NPL",2020,29348628,1135.28795716863,84.12400817871094,28.39485740661621
528,"Netherlands","NLD",1990,14944548,21270.8432458003,5.291265964508057,52.13263320922851
528,"Netherlands","NLD",2000,15899135,26148.2827114211,5.291265964508057,52.13263320922851
528,"Netherlands","NLD",2010,16617117,50743.8174589662,5.291265964508057,52.13263320922851
528,"Netherlands","NLD",2020,17434558,53333.6575721071,5.291265964508057,52.13263320922851
531,"Curaçao","CUW",2010,159380,19782.1784556573,-68.99002075195312,12.169569969177246
531,"Curaçao","CUW",2020,189289,15819.2105022064,-68.99002075195312,12.169569969177246
533,"Aruba","ABW",1990,65712,13770.1370134901,-69.96833801269531,12.521109580993652
533,"Aruba","ABW",2000,89101,20620.7006259175,-69.96833801269531,12.521109580993652
533,"Aruba","ABW",2010,100342,24133.1946351703,-69.96833801269531,12.521109580993652
533,"Aruba","ABW",2020,106585,23385.6386707755,-69.96833801269531,12.521109580993652
534,"Sint Maarten (Dutch part)","SXM",2010,33034,26237.7680478582,-63.05482864379884,18.04248046875
534,"Sint Maarten (Dutch part)","SXM",2020,43622,20000.0927189802,-63.05482864379884,18.04248046875
540,"New Caledonia","NCL",1990,177264,14849.7113740891,165.6180419921875,-20.90430450439453
540,"New Caledonia","NCL",2000,221537,15701.9192214906,165.6180419921875,-20.90430450439453
540,"New Caledonia","NCL",2010,261426,36900.3001269082,165.6180419921875,-20.90430450439453
540,"New Caledonia","NCL",2020,286403,34006.3251972146,165.6180419921875,-20.90430450439453
548,"Vanuatu","VUT",1990,150883,1169.9558374058,166.9591522216797,-15.376706123352053
548,"Vanuatu","VUT",2000,192074,1432.51526306432,166.9591522216797,-15.376706123352053
548,"Vanuatu","VUT",2010,245453,2966.85609545754,166.9591522216797,-15.376706123352053
548,"Vanuatu","VUT",2020,311685,2783.02964417111,166.9591522216797,-15.376706123352053
554,"New Zealand","NZL",1990,3397389,13371.9515156402,174.88597106933594,-40.90055847167969
554,"New Zealand","NZL",2000,3855266,14108.2788756968,174.88597106933594,-40.90055847167969
554,"New Zealand","NZL",2010,4346339,33527.5657831065,174.88597106933594,-40.90055847167969
554,"New Zealand","NZL",2020,5061134,43972.1305726375,174.88597106933594,-40.90055847167969
558,"Nicaragua","NIC",1990,4227820,851.808727577769,-85.20722961425781,12.865415573120115
558,"Nicaragua","NIC",2000,5123223,1004.58676723748,-85.20722961425781,12.865415573120115
558,"Nicaragua","NIC",2010,5855734,1503.86411558416,-85.20722961425781,12.865415573120115
558,"Nicaragua","NIC",2020,6755896,1905.25519722715,-85.20722961425781,12.865415573120115
562,"Niger","NER",1990,8370648,447.332715322365,8.081665992736816,17.6077880859375
562,"Niger","NER",2000,11622665,207.458145632531,8.081665992736816,17.6077880859375
562,"Niger","NER",2010,16647544,463.52227201232,8.081665992736816,17.6077880859375
562,"Niger","NER",2020,24333639,567.669696808278,8.081665992736816,17.6077880859375
566,"Nigeria","NGA",1990,95214257,646.301726220157,8.675276756286621,9.081998825073242
566,"Nigeria","NGA",2000,122851984,567.930549859079,8.675276756286621,9.081998825073242
566,"Nigeria","NGA",2010,160952854,2292.44477487332,8.675276756286621,9.081998825073242
566,"Nigeria","NGA",2020,208327405,2085.47406098868,8.675276756286621,9.081998825073242
578,"Norway","NOR",1990,4241636,28204.1082571846,8.46894645690918,60.47202301025391
578,"Norway","NOR",2000,4491202,38060.0916993522,8.46894645690918,60.47202301025391
578,"Norway","NOR",2010,4889741,87754.3480346503,8.46894645690918,60.47202301025391
578,"Norway","NOR",2020,5379839,66870.7307257441,8.46894645690918,60.47202301025391
583,"Micronesia (Fed. States of)","FSM",1990,98603,1639.65067860147,158.21507263183594,6.887481212615967
583,"Micronesia (Fed. States of)","FSM",2000,111709,2171.15967114206,158.21507263183594,6.887481212615967
583,"Micronesia (Fed. States of)","FSM",2010,107588,2885.44589013808,158.21507263183594,6.887481212615967
583,"Micronesia (Fed. States of)","FSM",2020,112107,3499.86321866062,158.21507263183594,6.887481212615967
584,"Marshall Islands","MHL",1990,46048,1675.65869137526,171.9893798828125,6.068301677703857
584,"Marshall Islands","MHL",2000,54225,2258.39743463441,171.9893798828125,6.068301677703857
584,"Marshall Islands","MHL",2010,53416,2846.93308022567,171.9893798828125,6.068301677703857
584,"Marshall Islands","MHL",2020,43414,4130.13090048995,171.9893798828125,6.068301677703857
585,"Palau","PLW",1990,15294,5234.99727719485,134.58251953125,7.51497983932495
585,"Palau","PLW",2000,19726,7737.92200994504,134.58251953125,7.51497983932495
585,"Palau","PLW",2010,18540,10230.6356446672,134.58251953125,7.51497983932495
585,"Palau","PLW",2020,17972,14566.9096385542,134.58251953125,7.51497983932495
586,"Pakistan","PAK",1990,115414070,479.955148002401,69.3451156616211,30.375320434570312
586,"Pakistan","PAK",2000,154369924,540.002840107119,69.3451156616211,30.375320434570312
586,"Pakistan","PAK",2010,194454498,972.59731293382,69.3451156616211,30.375320434570312
586,"Pakistan","PAK",2020,227196741,1167.21649573926,69.3451156616211,30.375320434570312
591,"Panama","PAN",1990,2449968,2498.8381357431,-80.7821273803711,8.537981033325195
591,"Panama","PAN",2000,3001732,3896.6084585563,-80.7821273803711,8.537981033325195
591,"Panama","PAN",2010,3623618,8082.02504936603,-80.7821273803711,8.537981033325195
591,"Panama","PAN",2020,4294397,12269.0458757101,-80.7821273803711,8.537981033325195
598,"Papua New Guinea","PNG",1990,3864973,1075.88899010763,143.95555114746094,-6.314992904663086
598,"Papua New Guinea","PNG",2000,5508298,904.512791638468,143.95555114746094,-6.314992904663086
598,"Papua New Guinea","PNG",2010,7583269,1949.35669875956,143.95555114746094,-6.314992904663086
598,"Papua New Guinea","PNG",2020,9749640,2639.88317473106,143.95555114746094,-6.314992904663086
600,"Paraguay","PRY",1990,4059195,1425.94045369361,-58.44383239746094,-23.442502975463867
600,"Paraguay","PRY",2000,5123819,1725.3397460649,-58.44383239746094,-23.442502975463867
600,"Paraguay","PRY",2010,5768613,4363.12409325289,-58.44383239746094,-23.442502975463867
600,"Paraguay","PRY",2020,6618695,4949.74413017447,-58.44383239746094,-23.442502975463867
604,"Peru","PER",1990,22109099,1319.30145950316,-75.01515197753906,-9.189967155456545
604,"Peru","PER",2000,26654439,1955.53197223867,-75.01515197753906,-9.189967155456545
604,"Peru","PER",2010,29229572,5082.30978206277,-75.01515197753906,-9.189967155456545
604,"Peru","PER",2020,33304756,6162.69825228308,-75.01515197753906,-9.189967155456545
608,"Philippines","PHL",1990,61558898,816.029664403716,121.77401733398438,12.879720687866213
608,"Philippines","PHL",2000,77958224,1072.80299378733,121.77401733398438,12.879720687866213
608,"Philippines","PHL",2010,94636700,2217.47400856669,121.77401733398438,12.879720687866213
608,"Philippines","PHL",2020,112190978,3298.83006215503,121.77401733398438,12.879720687866213
616,"Poland","POL",1990,38064255,1739.97828670016,19.1451358795166,51.91943740844727
616,"Poland","POL",2000,38504431,4466.68109702658,19.1451358795166,51.91943740844727
616,"Poland","POL",2010,38597353,12518.5734565071,19.1451358795166,51.91943740844727
616,"Poland","POL",2020,38428367,15764.1058298611,19.1451358795166,51.91943740844727
620,"Portugal","PRT",1990,10007346,7955.0663554814,-8.224453926086426,39.39987182617188
620,"Portugal","PRT",2000,10300626,11489.6894879185,-8.224453926086426,39.39987182617188
620,"Portugal","PRT",2010,10588401,22449.9439619576,-8.224453926086426,39.39987182617188
620,"Portugal","PRT",2020,10298192,22413.0398391619,-8.224453926086426,39.39987182617188
624,"Guinea-Bissau","GNB",1990,973551,624.648672304093,-15.180413246154783,11.803749084472656
624,"Guinea-Bissau","GNB",2000,1230849,301.906536933763,-15.180413246154783,11.803749084472656
624,"Guinea-Bissau","GNB",2010,1567221,557.632108337777,-15.180413246154783,11.803749084472656
624,"Guinea-Bissau","GNB",2020,2015828,668.190170586211,-15.180413246154783,11.803749084472656
626,"Timor-Leste","TLS",1990,758106,275.12208361457,125.7275390625,-8.87421703338623
626,"Timor-Leste","TLS",2000,878360,415.083479012083,125.7275390625,-8.87421703338623
626,"Timor-Leste","TLS",2010,1088487,806.409920047406,125.7275390625,-8.87421703338623
626,"Timor-Leste","TLS",2020,1299995,1442.72746682645,125.7275390625,-8.87421703338623
630,"Puerto Rico","PRI",1990,3543776,9119.23204356899,-66.47373,18.22964
630,"Puerto Rico","PRI",2000,3827109,17053.6733496686,-66.47373,18.22964
630,"Puerto Rico","PRI",2010,3717922,27482.0306264999,-66.47373,18.22964
630,"Puerto Rico","PRI",2020,3271565,36051.590207536,-66.47373,18.22964
634,"Qatar","QAT",1990,441675,15454.0826165382,51.1838836669922,25.354825973510746
634,"Qatar","QAT",2000,645937,29976.117039047,51.1838836669922,25.354825973510746
634,"Qatar","QAT",2010,1713504,67403.1942486722,51.1838836669922,25.354825973510746
634,"Qatar","QAT",2020,2760385,50814.9344504966,51.1838836669922,25.354825973510746
642,"Romania","ROU",1990,22836234,1717.68817295338,24.966760635375977,45.9431610107422
642,"Romania","ROU",2000,21919877,1682.84017577058,24.966760635375977,45.9431610107422
642,"Romania","ROU",2010,20335211,8123.80129306197,24.966760635375977,45.9431610107422
642,"Romania","ROU",2020,19442039,12928.5806563067,24.966760635375977,45.9431610107422
643,"Russian Federation","RUS",1990,148005704,3891.11093271131,105.31875610351564,61.52400970458984
643,"Russian Federation","RUS",2000,146844839,1786.60100069944,105.31875610351564,61.52400970458984
643,"Russian Federation","RUS",2010,143242599,10732.1778202001,105.31875610351564,61.52400970458984
643,"Russian Federation","RUS",2020,145617329,10165.5059670489,105.31875610351564,61.52400970458984
646,"Rwanda","RWA",1990,7319963,334.07483666671,29.87388801574707,-1.940278053283691
646,"Rwanda","RWA",2000,8109989,260.69585020936,29.87388801574707,-1.940278053283691
646,"Rwanda","RWA",2010,10309031,609.642747573332,29.87388801574707,-1.940278053283691
646,"Rwanda","RWA",2020,13146362,797.705403470109,29.87388801574707,-1.940278053283691
659,"Saint Kitts and Nevis","KNA",1990,40636,5396.53889215478,-62.782997131347656,17.35782241821289
659,"Saint Kitts and Nevis","KNA",2000,45461,9558.33539216032,-62.782997131347656,17.35782241821289
659,"Saint Kitts and Nevis","KNA",2010,47403,15508.616989766,-62.782997131347656,17.35782241821289
659,"Saint Kitts and Nevis","KNA",2020,47643,17433.633185809,-62.782997131347656,17.35782241821289
660,"Anguilla","AIA",1990,8316,8495.53437131929,-63.0686149597168,18.22055435180664
660,"Anguilla","AIA",2000,11048,13352.0959895196,-63.0686149597168,18.22055435180664
660,"Anguilla","AIA",2010,13172,20056.4457894418,-63.0686149597168,18.22055435180664
660,"Anguilla","AIA",2020,15585,17225.9375285437,-63.0686149597168,18.22055435180664
662,"Saint Lucia","LCA",1990,142301,4032.0902284693,-60.96665,13.9066
662,"Saint Lucia","LCA",2000,159500,5973.36923866934,-60.96665,13.9066
662,"Saint Lucia","LCA",2010,170935,8539.71931548977,-60.96665,13.9066
662,"Saint Lucia","LCA",2020,179237,8804.66420555841,-60.96665,13.9066
670,"Saint Vincent and the Grenadines","VCT",1990,112488,2179.43973745619,-61.19134,13.24775
670,"Saint Vincent and the Grenadines","VCT",2000,113813,3676.45441775183,-61.19134,13.24775
670,"Saint Vincent and the Grenadines","VCT",2010,109308,6292.78948709922,-61.19134,13.24775
670,"Saint Vincent and the Grenadines","VCT",2020,104633,7298.37282748766,-61.19134,13.24775
674,"San Marino","SMR",1990,23132,34490.6418673101,12.45777702331543,43.942359924316406
674,"San Marino","SMR",2000,26823,41540.1743857711,12.45777702331543,43.942359924316406
674,"San Marino","SMR",2010,31608,68505.8046598979,12.45777702331543,43.942359924316406
674,"San Marino","SMR",2020,34007,45832.1990481227,12.45777702331543,43.942359924316406
678,"Sao Tome and Principe","STP",1990,120343,951.719942685654,6.613080978393555,0.186360001564025
678,"Sao Tome and Principe","STP",2000,143714,509.380112608538,6.613080978393555,0.186360001564025
678,"Sao Tome and Principe","STP",2010,182139,1094.71048673562,6.613080978393555,0.186360001564025
678,"Sao Tome and Principe","STP",2020,218641,2174.0479183198,6.613080978393555,0.186360001564025
682,"Saudi Arabia","SAU",1990,16004763,7236.34896811393,45.07916259765625,23.885942459106445
682,"Saudi Arabia","SAU",2000,21547390,9171.33048936412,45.07916259765625,23.885942459106445
682,"Saudi Arabia","SAU",2010,29411929,19262.5525186131,45.07916259765625,23.885942459106445
682,"Saudi Arabia","SAU",2020,35997107,20110.3153185196,45.07916259765625,23.885942459106445
686,"Senegal","SEN",1990,7536001,1066.70643567551,-14.452362060546877,14.497401237487791
686,"Senegal","SEN",2000,9704287,617.996862511289,-14.452362060546877,14.497401237487791
686,"Senegal","SEN",2010,12530122,1319.16853296199,-14.452362060546877,14.497401237487791
686,"Senegal","SEN",2020,16436120,1457.9907269663,-14.452362060546877,14.497401237487791
688,"Serbia","SRB",1990,7987529,4258.47173072417,21.005859375,44.01652145385742
688,"Serbia","SRB",2000,7935022,1312.65932084821,21.005859375,44.01652145385742
688,"Serbia","SRB",2010,7653749,5735.42045370661,21.005859375,44.01652145385742
688,"Serbia","SRB",2020,7358005,7655.69588486091,21.005859375,44.01652145385742
690,"Seychelles","SYC",1990,71057,6310.91770790499,55.49197769165039,-4.679574012756348
690,"Seychelles","SYC",2000,80060,9220.81255524935,55.49197769165039,-4.679574012756348
690,"Seychelles","SYC",2010,92409,10628.1213828174,55.49197769165039,-4.679574012756348
690,"Seychelles","SYC",2020,105530,10766.7866890465,55.49197769165039,-4.679574012756348
694,"Sierra Leone","SLE",1990,4325388,203.55189893052,-11.779889106750488,8.460555076599121
694,"Sierra Leone","SLE",2000,4584067,187.727604528372,-11.779889106750488,8.460555076599121
694,"Sierra Leone","SLE",2010,6436698,401.8349986879,-11.779889106750488,8.460555076599121
694,"Sierra Leone","SLE",2020,8233970,474.692062219045,-11.779889106750488,8.460555076599121
702,"Singapore","SGP",1990,3022209,12908.0740375686,103.81983947753906,1.352082967758178
702,"Singapore","SGP",2000,4053603,23847.0085910078,103.81983947753906,1.352082967758178
702,"Singapore","SGP",2010,5163590,46735.5064234852,103.81983947753906,1.352082967758178
702,"Singapore","SGP",2020,5909870,58114.2453472612,103.81983947753906,1.352082967758178
703,"Slovakia","SVK",1990,5261305,3185.62245507181,19.699024200439453,48.66902542114258
703,"Slovakia","SVK",2000,5376690,3837.48772053161,19.699024200439453,48.66902542114258
703,"Slovakia","SVK",2010,5396424,16785.2955262099,19.699024200439453,48.66902542114258
703,"Slovakia","SVK",2020,5456681,19263.6375226744,19.699024200439453,48.66902542114258
704,"Viet Nam","VNM",1990,66912613,95.1883103394885,108.27719879150392,14.058323860168455
704,"Viet Nam","VNM",2000,79001142,390.094697240552,108.27719879150392,14.058323860168455
704,"Viet Nam","VNM",2010,87411012,1317.89070853853,108.27719879150392,14.058323860168455
704,"Viet Nam","VNM",2020,96648685,2785.724225314,108.27719879150392,14.058323860168455
705,"Slovenia","SVN",1990,1986024,9062.85113496466,14.995463371276855,46.15124130249024
705,"Slovenia","SVN",2000,1984339,10208.300988667,14.995463371276855,46.15124130249024
705,"Slovenia","SVN",2010,2057288,23569.9008069872,14.995463371276855,46.15124130249024
705,"Slovenia","SVN",2020,2117641,25777.3967192431,14.995463371276855,46.15124130249024
706,"Somalia","SOM",1990,6999096,137.586257459582,46.199615478515625,5.152149200439453
706,"Somalia","SOM",2000,8721465,231.288292383217,46.199615478515625,5.152149200439453
706,"Somalia","SOM",2010,12026650,90.7335630505376,46.199615478515625,5.152149200439453
706,"Somalia","SOM",2020,16537016,117.858870889433,46.199615478515625,5.152149200439453
710,"South Africa","ZAF",1990,39877570,3171.13389242531,22.9375057220459,-30.55948257446289
710,"South Africa","ZAF",2000,46813266,3078.55899955577,22.9375057220459,-30.55948257446289
710,"South Africa","ZAF",2010,51784922,7328.59364560831,22.9375057220459,-30.55948257446289
710,"South Africa","ZAF",2020,58801927,5094.38403793128,22.9375057220459,-30.55948257446289
716,"Zimbabwe","ZWE",1990,10113893,1299.80676067425,29.154857635498047,-19.015438079833984
716,"Zimbabwe","ZWE",2000,11834677,733.958861343585,29.154857635498047,-19.015438079833984
716,"Zimbabwe","ZWE",2010,12839771,948.331852647912,29.154857635498047,-19.015438079833984
716,"Zimbabwe","ZWE",2020,15669666,1465.8450542437,29.154857635498047,-19.015438079833984
724,"Spain","ESP",1990,38889889,13686.0516662529,-3.74921989440918,40.4636688232422
724,"Spain","ESP",2000,40741652,14620.4724352043,-3.74921989440918,40.4636688232422
724,"Spain","ESP",2010,46572773,30272.5614194153,-3.74921989440918,40.4636688232422
724,"Spain","ESP",2020,47363807,27408.6349002359,-3.74921989440918,40.4636688232422
728,"South Sudan","SSD",2010,9714420,1569.66963840108,31.306978225708008,6.876991748809815
728,"South Sudan","SSD",2020,10606227,1420.71043393456,31.306978225708008,6.876991748809815
729,"Sudan","SDN",2010,33739933,1584.58624997928,30.21763610839844,12.862807273864746
729,"Sudan","SDN",2020,44440486,1415.24344818513,30.21763610839844,12.862807273864746
740,"Suriname","SUR",1990,412756,1855.48603659481,-56.02778244018555,3.919305086135864
740,"Suriname","SUR",2000,478999,2456.02275490747,-56.02778244018555,3.919305086135864
740,"Suriname","SUR",2010,546080,8470.16342211261,-56.02778244018555,3.919305086135864
740,"Suriname","SUR",2020,607065,7022.76722280103,-56.02778244018555,3.919305086135864
748,"Eswatini","SWZ",1990,854011,1525.25795364654,31.465866088867188,-26.52250289916992
748,"Eswatini","SWZ",2000,1030497,1728.69828358404,31.465866088867188,-26.52250289916992
748,"Eswatini","SWZ",2010,1099920,4168.4925557415,31.465866088867188,-26.52250289916992
748,"Eswatini","SWZ",2020,1180655,3305.77427113107,31.465866088867188,-26.52250289916992
752,"Sweden","SWE",1990,8548406,30563.1960581046,18.64350128173828,60.1281623840332
752,"Sweden","SWE",2000,8871044,29592.9791532394,18.64350128173828,60.1281623840332
752,"Sweden","SWE",2010,9381730,52801.2447533751,18.64350128173828,60.1281623840332
752,"Sweden","SWE",2020,10368970,53574.5526372181,18.64350128173828,60.1281623840332
756,"Switzerland","CHE",1990,6711693,39982.0107181297,8.22751235961914,46.81818771362305
756,"Switzerland","CHE",2000,7182059,39171.8185220117,8.22751235961914,46.81818771362305
756,"Switzerland","CHE",2010,7822436,77277.4501951584,8.22751235961914,46.81818771362305
756,"Switzerland","CHE",2020,8638613,86918.6482933755,8.22751235961914,46.81818771362305
760,"Syrian Arab Republic","SYR",1990,12408997,896.569198865665,38.9968147277832,34.80207443237305
760,"Syrian Arab Republic","SYR",2000,16307654,1198.33645350346,38.9968147277832,34.80207443237305
760,"Syrian Arab Republic","SYR",2010,22337563,2830.4285546774,38.9968147277832,34.80207443237305
760,"Syrian Arab Republic","SYR",2020,20772596,889.81524691967,38.9968147277832,34.80207443237305
762,"Tajikistan","TJK",1990,5417861,537.293698650137,71.27609252929688,38.86103439331055
762,"Tajikistan","TJK",2000,6272999,138.455456921365,71.27609252929688,38.86103439331055
762,"Tajikistan","TJK",2010,7621780,749.552349165661,71.27609252929688,38.86103439331055
762,"Tajikistan","TJK",2020,9543207,838.451015762254,71.27609252929688,38.86103439331055
764,"Thailand","THA",1990,55228410,1564.05935148899,100.99253845214844,15.87003231048584
764,"Thailand","THA",2000,63066603,2007.73500822191,100.99253845214844,15.87003231048584
764,"Thailand","THA",2010,68270490,5076.33796430965,100.99253845214844,15.87003231048584
764,"Thailand","THA",2020,71475665,7189.0479887291,100.99253845214844,15.87003231048584
768,"Togo","TGO",1990,3875947,545.020592580607,0.8247820138931271,8.619543075561523
768,"Togo","TGO",2000,5008036,302.206405147466,0.8247820138931271,8.619543075561523
768,"Togo","TGO",2010,6571855,533.508768739606,0.8247820138931271,8.619543075561523
768,"Togo","TGO",2020,8442580,863.144729894068,0.8247820138931271,8.619543075561523
776,"Tonga","TON",1990,98727,1704.84049745819,-175.1982421875,-21.178985595703125
776,"Tonga","TON",2000,102603,1948.90709784717,-175.1982421875,-21.178985595703125
776,"Tonga","TON",2010,107384,3570.19046873975,-175.1982421875,-21.178985595703125
776,"Tonga","TON",2020,105254,4646.10630841556,-175.1982421875,-21.178985595703125
780,"Trinidad and Tobago","TTO",1990,1266519,4164.44497733317,-61.222503662109375,10.691802978515623
780,"Trinidad and Tobago","TTO",2000,1332203,6457.13513373711,-61.222503662109375,10.691802978515623
780,"Trinidad and Tobago","TTO",2010,1410296,16713.7605395232,-61.222503662109375,10.691802978515623
780,"Trinidad and Tobago","TTO",2020,1518147,15285.9732543298,-61.222503662109375,10.691802978515623
784,"United Arab Emirates","ARE",1990,1900152,28091.8062402362,53.84781646728515,23.424076080322266
784,"United Arab Emirates","ARE",2000,3275333,33726.5128055688,53.84781646728515,23.424076080322266
784,"United Arab Emirates","ARE",2010,8481771,33893.3168866906,53.84781646728515,23.424076080322266
784,"United Arab Emirates","ARE",2020,9287289,36284.547905631,53.84781646728515,23.424076080322266
788,"Tunisia","TUN",1990,8440024,1640.22062860552,9.53749942779541,33.88691711425781
788,"Tunisia","TUN",2000,9893316,2211.86122654007,9.53749942779541,33.88691711425781
788,"Tunisia","TUN",2010,10895063,4141.97635336459,9.53749942779541,33.88691711425781
788,"Tunisia","TUN",2020,12161723,3318.33335631969,9.53749942779541,33.88691711425781
792,"Türkiye","TUR",1990,54324142,3849.4752190781,35.24332046508789,38.9637451171875
792,"Türkiye","TUR",2000,64113547,4337.34979565455,35.24332046508789,38.9637451171875
792,"Türkiye","TUR",2010,73195345,10742.4279527653,35.24332046508789,38.9637451171875
792,"Türkiye","TUR",2020,84135428,8538.1319256995,35.24332046508789,38.9637451171875
795,"Turkmenistan","TKM",1990,3720279,833.495132135762,59.556278228759766,38.96971893310547
795,"Turkmenistan","TKM",2000,4569132,1092.15288661952,59.556278228759766,38.96971893310547
795,"Turkmenistan","TKM",2010,5267970,4439.20038235805,59.556278228759766,38.96971893310547
795,"Turkmenistan","TKM",2020,6250438,7103.92192645861,59.556278228759766,38.96971893310547
796,"Turks and Caicos Islands","TCA",1990,11709,8745.00255965651,-71.79792785644531,21.69402503967285
796,"Turks and Caicos Islands","TCA",2000,18745,15842.2601666336,-71.79792785644531,21.69402503967285
796,"Turks and Caicos Islands","TCA",2010,29726,21028.4082669933,-71.79792785644531,21.69402503967285
796,"Turks and Caicos Islands","TCA",2020,44277,23880.5434305344,-71.79792785644531,21.69402503967285
798,"Tuvalu","TUV",1990,9183,1070.23452894385,178.67991638183594,-7.478420734405517
798,"Tuvalu","TUV",2000,9638,1472.65339959288,178.67991638183594,-7.478420734405517
798,"Tuvalu","TUV",2010,10550,2981.54785483333,178.67991638183594,-7.478420734405517
798,"Tuvalu","TUV",2020,11069,4648.34210392431,178.67991638183594,-7.478420734405517
800,"Uganda","UGA",1990,17586630,248.807614979995,32.29027557373047,1.373332977294922
800,"Uganda","UGA",2000,24020698,286.625970203085,32.29027557373047,1.373332977294922
800,"Uganda","UGA",2010,32341728,946.735802808368,32.29027557373047,1.373332977294922
800,"Uganda","UGA",2020,44404611,846.116480744515,32.29027557373047,1.373332977294922
804,"Ukraine","UKR",1990,51589817,1816.25665077459,31.16558074951172,48.379432678222656
804,"Ukraine","UKR",2000,48879756,662.906729640943,31.16558074951172,48.379432678222656
804,"Ukraine","UKR",2010,45683020,2970.21778918073,31.16558074951172,48.379432678222656
804,"Ukraine","UKR",2020,43909667,3557.47735564211,31.16558074951172,48.379432678222656
807,"North Macedonia","MKD",1990,2044174,1458.62815732823,21.745275497436523,41.60863494873047
807,"North Macedonia","MKD",2000,2037936,1854.150905652,21.745275497436523,41.60863494873047
807,"North Macedonia","MKD",2010,2093828,4542.89556771585,21.745275497436523,41.60863494873047
807,"North Macedonia","MKD",2020,2111072,5886.46103737576,21.745275497436523,41.60863494873047
818,"Egypt","EGY",1990,57214631,641.228459008736,30.80249786376953,26.82055282592773
818,"Egypt","EGY",2000,71371372,1390.11295149693,30.80249786376953,26.82055282592773
818,"Egypt","EGY",2010,87252414,2593.36840540137,30.80249786376953,26.82055282592773
818,"Egypt","EGY",2020,107465134,3608.8422559128,30.80249786376953,26.82055282592773
826,"United Kingdom","GBR",1990,57210443,19134.0747891757,-3.435972929000854,55.3780517578125
826,"United Kingdom","GBR",2000,58850044,28207.0014346249,-3.435972929000854,55.3780517578125
826,"United Kingdom","GBR",2010,62760039,39254.9264166413,-3.435972929000854,55.3780517578125
826,"United Kingdom","GBR",2020,67059474,40718.2218139912,-3.435972929000854,55.3780517578125
840,"United States of America","USA",1990,248083732,23651.9779927765,-95.712890625,37.090240478515625
840,"United States of America","USA",2000,282398554,36388.1968092333,-95.712890625,37.090240478515625
840,"United States of America","USA",2010,311182845,48700.3597520124,-95.712890625,37.090240478515625
840,"United States of America","USA",2020,335942004,63122.5941450239,-95.712890625,37.090240478515625
854,"Burkina Faso","BFA",1990,9131361,399.959786251574,-1.561593055725097,12.238332748413086
854,"Burkina Faso","BFA",2000,11882888,255.083778448462,-1.561593055725097,12.238332748413086
854,"Burkina Faso","BFA",2010,16116845,647.204433475899,-1.561593055725097,12.238332748413086
854,"Burkina Faso","BFA",2020,21522626,830.925336867403,-1.561593055725097,12.238332748413086
858,"Uruguay","URY",1990,3117013,2971.25545041949,-55.76583480834961,-32.52277755737305
858,"Uruguay","URY",2000,3292225,6875.0194427878,-55.76583480834961,-32.52277755737305
858,"Uruguay","URY",2010,3352651,11992.038950441,-55.76583480834961,-32.52277755737305
858,"Uruguay","URY",2020,3429087,15438.4013948404,-55.76583480834961,-32.52277755737305
860,"Uzbekistan","UZB",1990,20579100,866.241085842694,64.58525848388672,41.37749099731445
860,"Uzbekistan","UZB",2000,24925555,666.952195676655,64.58525848388672,41.37749099731445
860,"Uzbekistan","UZB",2010,28614227,1645.01333436131,64.58525848388672,41.37749099731445
860,"Uzbekistan","UZB",2020,33526656,1724.1877480419,64.58525848388672,41.37749099731445
862,"Venezuela (Bolivarian Republic of)","VEN",1990,19750579,2395.80699114688,-66.58972930908203,6.423749923706055
862,"Venezuela (Bolivarian Republic of)","VEN",2000,24427729,4842.27505430902,-66.58972930908203,6.423749923706055
862,"Venezuela (Bolivarian Republic of)","VEN",2010,28715022,13846.9234673368,-66.58972930908203,6.423749923706055
862,"Venezuela (Bolivarian Republic of)","VEN",2020,28490454,3740.28736114037,-66.58972930908203,6.423749923706055
882,"Samoa","WSM",1990,168186,707.940649321648,-172.10462951660156,-13.759029388427734
882,"Samoa","WSM",2000,184008,1362.08658328876,-172.10462951660156,-13.759029388427734
882,"Samoa","WSM",2010,194672,3722.14196864526,-172.10462951660156,-13.759029388427734
882,"Samoa","WSM",2020,214930,3889.99736172226,-172.10462951660156,-13.759029388427734
887,"Yemen","YEM",1990,13375121,344.037204224168,48.516387939453125,15.552726745605469
887,"Yemen","YEM",2000,18628701,624.07478326569,48.516387939453125,15.552726745605469
887,"Yemen","YEM",2010,24743946,1334.78494329659,48.516387939453125,15.552726745605469
887,"Yemen","YEM",2020,32284046,937.382745095333,48.516387939453125,15.552726745605469
894,"Zambia","ZMB",1990,7686401,472.176634335798,27.84933280944824,-13.133896827697754
894,"Zambia","ZMB",2000,9891136,345.684498257387,27.84933280944824,-13.133896827697754
894,"Zambia","ZMB",2010,13792087,1489.44762060195,27.84933280944824,-13.133896827697754
894,"Zambia","ZMB",2020,18927715,985.132787628238,27.84933280944824,-13.133896827697754
